fk_localisation;fk_periode
1;1134
2;1130
2;1138
3;1153
4;1153
5;1255
6;958
7;904
8;1069
8;1086
9;161
10;1130
11;891
12;891
13;891
14;877
15;891
16;496
17;4575
18;2839
19;2108
19;2585
19;3518
20;5303
21;5593
22;3160
22;5287
23;4294
24;3056
25;5176
26;2924
27;2213
28;4871
29;3271
30;3509
31;3927
32;2160
32;4142
33;1650
34;5478
35;2684
36;2370
37;1838
37;5581
38;2824
39;4043
40;3531
41;643
42;3351
43;1063
43;1526
43;5574
44;3020
44;4261
45;2194
46;4569
47;516
47;960
48;1609
48;1982
48;2131
48;2687
48;2691
48;2934
48;5357
49;5182
50;2716
51;1680
52;5599
53;4733
54;4736
55;3565
56;2122
56;3474
56;4448
56;4458
56;4477
56;4484
56;4494
56;4512
56;4516
56;4954
56;5045
56;5065
56;5071
57;5223
58;4971
59;3634
60;19
60;4404
60;4406
60;4412
60;4445
60;4455
60;4576
60;4582
60;4587
60;4721
61;1987
62;4368
62;4791
63;1435
64;1953
65;3535
66;2058
67;5194
68;933
69;4479
70;2643
70;2850
71;3278
72;715
72;5372
73;2516
74;2574
74;4369
75;44
76;806
77;1002
78;4518
79;1467
80;5131
81;3663
82;4436
83;5085
84;1184
84;1933
85;964
86;1933
86;3822
87;4109
88;3230
89;4217
91;2509
91;2512
91;2516
92;2351
93;1187
94;2222
95;5051
95;5052
96;5292
97;468
98;1575
98;1667
98;2643
98;2821
98;3253
98;3285
98;3396
98;3952
98;4229
98;5049
98;5226
98;5285
98;5460
99;5307
100;1484
101;2032
102;4446
103;4944
104;3209
105;1561
106;4720
107;5394
108;1239
108;4476
109;2016
110;4353
110;4371
110;4383
110;4391
110;4396
111;788
112;5481
113;564
113;1242
114;2677
115;2618
115;3326
116;3175
117;4963
118;2093
118;2101
119;2682
119;5168
120;3655
121;1679
122;3294
123;795
124;4219
125;4542
126;2588
127;5560
128;2387
129;535
130;945
130;954
131;1056
131;2387
131;2393
131;3567
132;894
133;3662
134;3788
135;1583
136;2464
136;2474
136;2487
136;2492
137;2115
138;5523
139;1107
139;1133
139;1146
139;1154
140;376
141;2027
142;2878
143;1429
143;2224
143;4135
143;4196
143;4312
144;5145
145;1360
146;3231
146;4226
146;4753
147;2815
148;1018
148;3543
148;4882
149;2818
150;4256
151;4558
152;4855
153;5108
154;1405
155;572
156;2040
157;1536
158;3429
159;3817
160;1547
161;3727
162;4046
162;5151
163;2103
164;2985
165;4446
166;5418
166;5419
166;5426
167;1847
168;2059
168;3756
168;3776
168;3792
169;4820
169;5010
170;2999
171;3017
172;279
173;1962
174;3768
175;603
176;2329
177;2378
178;1794
179;4507
180;2660
181;5314
182;261
182;1238
182;1371
182;1492
182;3140
182;4221
182;5506
183;636
184;1135
185;4298
186;3393
187;608
187;612
188;1912
188;1920
189;2959
190;4314
191;2664
192;2073
192;3738
193;5578
194;4936
195;3110
196;2119
197;2506
198;1160
199;1087
200;336
201;2056
201;2581
202;1775
202;4146
203;5307
204;1677
205;2553
206;3283
207;1795
207;2912
208;3997
209;1345
210;1027
211;5015
212;3503
213;5571
214;4750
215;1802
216;239
216;1325
217;1885
218;5400
219;4041
221;4425
222;1178
223;1816
224;973
225;2292
226;2225
226;2232
227;1278
228;1484
228;3785
229;1283
230;21
231;743
232;3210
233;5083
234;916
235;2489
235;3686
236;3135
236;3141
237;2337
238;3361
239;935
240;1825
241;1210
242;2680
242;3105
243;1333
244;250
244;1140
245;889
246;1581
247;5413
247;5442
248;2055
249;3137
250;3976
251;950
251;1659
251;2786
252;2913
253;3512
254;4246
255;1003
256;2416
257;2231
258;1027
259;2224
260;723
260;1212
261;2938
262;4794
262;4828
262;4835
262;4861
263;662
264;3925
265;4061
266;4012
267;3580
268;1487
268;2333
269;3126
270;2332
271;5434
272;4611
273;1405
274;2704
275;3942
276;3818
277;5351
278;2916
279;2655
280;2274
280;2936
281;2752
282;5509
283;3991
284;1037
284;4934
285;502
286;3525
287;4253
288;4897
289;5028
289;5030
290;2498
291;5421
292;445
293;3639
294;4852
295;2820
296;5394
297;3505
298;1790
299;698
299;1960
299;1967
299;2458
300;921
301;417
301;434
302;3015
302;5455
303;3751
304;5335
305;3599
305;5359
306;52
306;65
307;459
308;4076
308;4102
308;4116
309;1825
310;2396
311;4532
312;5474
313;84
314;1136
315;5366
316;4031
316;4344
317;1746
318;3235
319;4648
320;2739
321;2162
321;2171
321;4831
322;79
322;257
322;2192
323;4545
324;2283
325;3650
326;5472
327;682
328;3560
329;4961
330;1573
331;760
332;3567
333;2894
334;2014
335;2995
336;5335
337;2355
338;5115
339;3888
340;2246
340;2549
340;2552
340;2595
340;3836
341;156
342;5264
343;1421
344;632
344;2790
344;3419
344;3971
344;5190
345;28
346;953
347;4334
348;2413
349;2212
349;2435
350;208
351;1515
352;2523
352;4244
353;2591
353;5371
353;5383
353;5437
354;1130
355;1585
356;672
357;3978
358;1210
358;1215
358;1225
358;1239
359;1492
360;3767
360;3850
361;1522
361;2962
362;4201
363;2537
364;4205
365;1178
366;1492
367;2740
368;4136
369;5290
370;4994
371;1256
372;748
372;773
373;1819
374;2081
374;2091
374;2098
375;4979
376;4214
377;5118
378;5336
379;1614
380;1898
381;1079
382;2459
382;2714
382;2832
382;3893
382;4375
382;5513
383;3258
384;4821
385;88
385;400
386;192
387;2637
387;4837
388;3317
388;3332
388;3333
389;3501
389;3533
390;2268
391;4099
392;2573
393;2692
394;1256
395;5548
396;5098
397;3666
398;3933
399;3838
400;4378
401;1673
402;814
403;1580
404;4239
405;5262
406;2075
406;2227
407;4301
408;3159
409;5105
410;2331
410;4988
411;536
411;751
411;1414
411;5202
412;4214
413;3419
414;424
415;438
415;457
416;4292
417;3871
417;3874
417;4877
418;878
418;5112
419;1503
420;5172
421;2640
422;425
422;430
423;2039
424;4552
425;4136
426;5150
427;4614
427;5124
427;5494
428;1979
428;2377
429;3262
430;441
431;504
432;5427
433;341
434;1293
435;1989
436;365
437;285
438;4775
439;3440
440;4922
441;2341
441;4769
442;2702
442;2779
443;4965
444;2221
445;2341
446;4642
447;1054
448;2074
448;2107
449;2169
450;1189
451;441
452;4023
453;2781
453;4950
454;1819
455;3622
456;4637
457;4609
458;363
459;3971
460;4727
461;478
462;32
462;298
462;4672
462;5306
463;1252
464;11
465;4679
466;1847
467;2354
468;655
469;28
470;1081
471;2032
472;5311
473;4064
474;971
475;3116
476;2980
477;2572
477;3426
477;3430
477;3675
477;4478
477;4899
478;4592
479;3451
480;4513
480;4911
480;5005
480;5110
480;5522
481;3138
481;3338
482;265
482;274
483;227
484;670
485;3757
486;3321
487;865
488;1523
489;202
489;207
489;223
489;1471
489;2690
489;2696
489;2906
489;2951
489;3437
489;4842
489;4935
489;4953
489;5408
490;452
491;1062
492;2149
493;472
494;4441
495;2944
496;1072
497;540
497;545
497;553
497;565
498;3860
499;611
499;1245
499;1349
499;1587
499;1641
499;3124
499;3803
499;4373
500;2345
501;322
502;1610
503;141
504;4782
505;3247
506;184
507;1303
508;164
508;171
509;4292
510;4970
511;3827
512;4819
513;4148
513;4459
513;4465
514;1753
515;199
516;3648
517;3700
518;3513
519;796
520;555
520;977
520;2378
521;2920
522;5082
523;4234
524;4787
525;2298
526;4738
527;5380
528;5510
529;902
529;908
530;2204
531;319
531;354
531;368
532;2078
533;3940
534;211
535;1006
535;1196
536;3328
537;2991
538;2504
539;490
539;2123
539;3879
540;286
540;991
541;1117
542;4695
542;4948
543;791
544;5166
545;3575
545;3667
546;2600
547;3096
548;4110
548;5404
549;918
550;824
551;4682
552;2857
553;3470
553;3659
554;1033
554;1042
555;5038
556;3799
557;3156
558;1619
558;1627
559;3081
559;4876
560;337
561;3062
562;3613
563;2040
564;248
565;3740
566;931
566;940
567;5203
568;3584
569;4081
570;1638
571;2789
571;4237
572;3087
572;4777
573;1528
574;5117
575;5556
576;2587
576;3363
576;3546
577;3103
578;837
579;4931
580;3526
581;4740
582;3265
583;130
584;3872
585;3790
586;440
587;4665
588;1821
589;3992
590;4514
591;2675
591;3066
592;47
592;48
592;4597
592;4904
593;990
594;5213
595;964
596;376
597;1450
597;3316
597;4670
598;5568
599;1214
600;388
601;4976
602;686
602;1147
603;2429
604;4129
605;1510
606;3407
607;1470
608;1299
609;5579
610;2479
611;4426
612;5283
613;3088
614;1168
615;4453
616;5447
617;3550
618;1794
619;2442
620;3367
621;2652
621;3507
621;3520
622;1468
623;2772
623;3248
623;4599
624;5198
625;3079
626;4158
627;984
627;1915
628;938
629;2927
630;1615
631;1077
631;2387
632;2834
633;2706
634;2110
635;4920
636;2014
637;2012
638;371
639;4250
640;3823
641;1405
642;868
642;1519
643;3419
644;988
645;2548
646;1762
647;3668
648;284
649;1929
649;5206
649;5211
649;5313
650;3009
651;1566
652;5284
652;5294
652;5440
653;177
653;409
653;421
653;432
653;442
653;448
653;451
653;1192
654;4167
654;4825
655;2507
656;2296
656;2304
657;4680
658;2355
659;4111
660;29
661;4511
662;1776
663;3521
664;138
665;2746
666;3151
667;1772
668;5420
669;1253
670;398
671;2255
672;2921
673;1136
674;2645
675;1059
676;2247
676;4376
677;4271
678;3194
679;4833
680;1462
681;4286
682;3191
683;1648
684;1328
685;5258
686;1966
687;35
688;2794
689;937
690;1153
691;3225
692;4009
693;3220
693;3224
693;5528
694;3485
695;4357
696;5134
697;42
698;1756
699;615
700;829
701;108
701;2024
702;2365
703;3476
704;141
705;5388
706;2777
707;2550
708;621
709;189
709;203
709;4636
709;5598
709;5600
710;2273
711;3116
712;5130
713;1826
714;2905
714;5243
715;835
716;4978
717;129
718;785
719;4101
720;4703
721;3960
722;1894
723;1995
723;3717
723;3928
724;3129
725;468
726;3946
727;2603
727;3064
728;3655
729;371
730;1411
731;1423
732;3436
733;63
734;532
735;1636
736;3395
737;2945
738;874
738;2526
738;2715
738;2721
738;4653
739;5177
740;4951
740;4958
741;4704
742;646
742;2407
743;3004
744;2140
745;3169
746;3420
747;911
748;4008
748;4414
748;5464
749;5268
750;4514
751;2220
752;421
753;3446
753;4125
754;1166
755;2966
756;2452
757;2573
758;1323
758;2954
759;1954
759;4451
760;4409
760;4601
761;1258
761;4156
762;4780
763;4056
764;183
765;2272
765;4352
766;3325
767;3208
767;3214
768;702
769;3630
770;4072
771;3031
772;281
773;3775
774;2201
775;2814
776;5105
777;2631
777;5384
778;4879
779;4836
780;3899
781;3019
781;4773
782;407
783;203
783;5220
783;5227
784;2467
784;4263
784;5076
784;5217
785;1504
786;4554
786;4674
787;845
788;1995
789;939
789;2878
789;2892
789;4734
789;4950
790;5588
791;1925
792;781
793;5041
794;3405
795;520
795;525
796;32
797;66
798;5493
799;1387
799;3047
800;2127
800;2159
801;2024
802;809
803;1711
804;786
805;5536
806;1912
807;3873
808;2650
809;5199
810;1107
811;4255
812;5463
813;1544
814;5259
815;2101
816;2534
817;4561
818;1324
819;5602
819;5603
820;4207
821;3484
822;1518
823;5516
824;2486
825;5378
826;5373
827;4013
827;4302
828;3532
829;2473
830;2566
831;2243
832;4607
833;2791
834;5488
835;1464
836;3176
836;3179
837;3662
838;671
839;4431
840;2632
841;418
842;3454
843;3251
843;4684
843;4991
844;3537
845;1646
846;1595
846;1604
847;2863
847;5521
848;1106
849;5507
849;5511
850;394
851;4218
851;4223
851;4230
851;4247
851;4268
851;4316
852;1467
852;1470
853;1961
854;607
855;2819
856;1890
857;178
857;275
857;280
857;283
857;300
857;317
857;330
857;344
857;380
857;389
857;399
857;405
857;485
857;500
857;514
857;519
857;542
858;364
858;389
859;243
860;5535
861;888
861;4063
862;623
862;757
862;762
863;1932
863;1945
863;3522
864;725
864;740
865;3314
866;606
866;1736
867;5445
868;2571
869;5336
870;1673
871;5383
871;5389
872;3154
873;3573
874;4329
875;92
876;3156
877;5493
878;1276
879;4125
880;4731
881;914
882;1916
882;3192
883;1393
883;2436
884;5214
885;4942
886;5215
887;1553
888;263
889;312
890;3541
891;1406
892;3606
893;2536
893;2589
893;2606
893;2607
894;4702
895;3359
896;381
897;1728
898;2294
899;332
900;1052
901;4669
902;5331
903;2195
903;2429
904;3683
905;5255
906;1071
906;1078
906;1088
906;1097
907;163
907;173
907;1180
908;2681
908;5254
908;5493
909;44
909;1110
910;2931
911;2356
912;3377
912;3378
913;4617
913;4743
914;257
915;2558
915;5128
916;1849
916;3688
917;4579
918;4327
919;1207
919;1250
919;1321
919;1502
919;2158
919;3029
920;1217
921;3896
922;62
922;73
922;86
922;4333
922;4350
922;4417
922;4464
923;3257
924;2052
925;259
925;3399
926;5399
927;551
928;1185
929;1060
930;4662
931;204
931;307
931;4021
932;746
932;753
933;828
934;441
935;599
935;2339
935;2469
936;1961
937;4535
938;2535
939;1615
940;897
941;4657
942;738
942;4393
943;559
944;1452
944;3739
945;1808
946;1594
947;4002
948;1505
948;3592
948;3699
949;1805
950;2242
951;2883
952;3427
953;3059
954;5545
954;5547
954;5554
954;5576
955;5053
956;5267
957;3109
958;2465
959;1863
960;5154
961;707
962;4784
963;5215
964;3760
965;1431
966;3016
967;1179
968;1565
968;1601
968;4810
968;4952
968;5512
969;1550
970;1356
971;4525
972;4838
973;2143
973;2151
974;2748
975;2828
976;2311
977;788
977;2476
978;2251
979;788
980;3612
981;2782
982;3744
983;3645
984;179
984;1330
984;5470
984;5529
984;5534
985;4005
986;2602
987;1009
988;97
989;891
990;3686
991;5067
992;4202
993;4428
994;711
995;4073
995;5282
996;5376
996;5432
997;4299
997;4608
998;4040
999;3362
999;3372
1000;2757
1000;5187
1001;2513
1002;1462
1002;5592
1003;1238
1003;3413
1004;2989
1005;3414
1006;2031
1006;3162
1006;3406
1006;3458
1006;4774
1007;340
1008;2689
1009;4979
1010;5325
1011;105
1011;1340
1012;2471
1012;4365
1013;955
1013;962
1013;978
1013;981
1014;5370
1015;1436
1016;3742
1017;4660
1018;2149
1018;4387
1018;4483
1019;1578
1019;1612
1019;4618
1020;4982
1020;4983
1020;4992
1021;5504
1022;864
1022;896
1023;759
1024;2941
1025;3508
1026;353
1027;3750
1028;2801
1029;370
1030;754
1031;2276
1032;541
1033;4094
1034;4910
1035;3299
1036;3698
1037;3514
1038;3947
1039;2069
1040;3832
1041;1269
1042;2187
1043;1580
1044;5113
1045;115
1045;2443
1045;4044
1045;4066
1046;2830
1047;1202
1048;520
1049;1919
1050;1558
1051;2920
1052;3932
1053;3534
1054;1246
1055;5515
1056;2084
1056;2089
1057;2102
1058;2102
1059;1563
1060;1653
1060;4633
1061;2251
1062;2933
1063;3521
1064;3620
1064;3839
1065;244
1066;4280
1067;4532
1068;2706
1069;967
1070;2151
1071;3348
1072;2829
1073;630
1074;3711
1075;3627
1076;1391
1077;4161
1078;3385
1079;3481
1080;605
1081;30
1081;744
1082;4181
1083;185
1084;4323
1085;3260
1086;5544
1087;919
1088;3065
1089;5185
1090;1532
1090;3146
1091;2093
1092;1679
1093;1826
1094;3877
1095;220
1096;488
1096;1829
1097;4651
1098;1351
1099;5341
1100;569
1100;576
1101;3816
1102;3364
1103;2326
1104;3512
1105;2352
1105;2940
1105;3381
1105;4466
1106;4708
1107;351
1107;2614
1108;989
1109;4525
1110;4792
1111;1044
1112;5472
1113;1266
1114;1721
1114;2101
1114;4402
1114;4445
1114;4462
1114;4578
1114;4721
1114;4729
1115;3899
1116;1707
1117;3310
1118;51
1119;4500
1119;4551
1120;3464
1120;3724
1120;3996
1121;4565
1121;4927
1121;4933
1121;5468
1122;145
1123;2654
1124;4141
1125;1824
1126;4989
1127;5151
1128;1272
1129;2816
1130;3536
1130;4224
1131;1210
1132;2035
1133;3558
1134;295
1135;494
1135;538
1135;745
1135;1114
1135;3302
1136;1632
1136;2399
1137;2165
1138;1192
1139;587
1139;1388
1139;2914
1139;3139
1140;1153
1141;3998
1142;3826
1143;4880
1144;2686
1145;338
1146;2920
1147;75
1148;5033
1148;5452
1149;3833
1150;2709
1151;1237
1151;1349
1151;1425
1151;3106
1152;4758
1153;2318
1153;2325
1154;4989
1155;531
1156;3834
1156;5080
1157;3351
1158;3636
1158;3828
1158;4745
1158;4862
1159;696
1159;703
1160;805
1161;2257
1161;5191
1162;1961
1163;2731
1164;3707
1165;4755
1166;3021
1167;4026
1168;1346
1169;1364
1170;4283
1171;906
1172;3808
1173;4488
1174;4806
1175;2419
1176;1620
1177;872
1178;4453
1178;4576
1178;5479
1179;4435
1180;5492
1181;46
1182;4762
1182;4778
1182;4852
1182;4860
1183;3233
1184;1087
1185;5178
1185;5180
1186;2440
1187;3763
1188;1468
1188;5253
1189;3221
1190;2593
1191;871
1192;3201
1192;3207
1192;3211
1192;3218
1192;3222
1193;23
1194;2615
1195;3517
1196;1910
1197;4950
1198;4217
1199;3541
1200;5482
1201;3173
1201;4386
1201;4447
1202;3450
1203;683
1204;4217
1205;4918
1206;2320
1207;3974
1207;4136
1208;4246
1209;3615
1210;1073
1211;5326
1212;5593
1213;2252
1213;5280
1214;148
1215;1159
1216;1130
1217;948
1218;1130
1219;948
1220;982
1221;840
1222;961
1223;1153
1224;1094
1225;3804
1226;5391
1227;877
1228;891
1229;3298
1230;1990
1230;3582
1231;3681
1232;60
1233;2644
1233;2902
1233;2924
1234;5265
1235;2003
1236;5422
1237;1978
1238;2719
1239;4074
1240;182
1241;4608
1242;2824
1242;4093
1243;2610
1244;1061
1245;1677
1246;3670
1246;3673
1247;4568
1248;3167
1248;3859
1249;1307
1250;1888
1250;3238
1250;3936
1250;3940
1250;4267
1250;4509
1251;4354
1252;1914
1252;3512
1252;3578
1252;5408
1253;148
1254;4035
1255;1869
1256;4867
1257;709
1258;597
1258;2887
1259;943
1259;1158
1260;221
1261;512
1262;2545
1263;128
1264;2418
1265;4732
1266;4183
1267;1343
1268;5537
1269;5062
1270;1419
1271;780
1272;926
1273;1985
1273;3382
1274;1563
1275;1236
1276;5125
1277;2730
1277;3165
1277;3360
1278;715
1279;2179
1279;2898
1279;3219
1279;3915
1280;617
1281;2570
1282;5094
1283;3950
1284;4393
1285;3448
1285;3552
1286;1643
1287;952
1288;503
1289;5571
1290;4215
1291;3048
1292;3260
1292;4544
1292;4824
1293;2699
1294;3840
1295;1403
1295;1412
1296;3346
1297;3744
1298;1593
1299;2411
1300;3660
1301;645
1302;335
1303;335
1304;5575
1305;2908
1306;4708
1307;2406
1307;4497
1308;2559
1309;2075
1310;3923
1310;4217
1311;620
1312;2077
1313;2503
1314;1653
1315;1752
1316;2527
1317;2404
1318;2005
1319;4392
1320;759
1321;5499
1322;1155
1323;2441
1324;4765
1325;4019
1326;1319
1327;3435
1328;1246
1329;4366
1330;3960
1331;5129
1332;2307
1333;626
1334;3306
1335;2576
1336;4473
1337;2250
1338;5251
1338;5257
1338;5260
1339;1188
1339;1933
1339;2751
1340;4525
1341;4645
1342;697
1343;2661
1343;3077
1343;4124
1344;1521
1345;3928
1346;2049
1346;2155
1346;3063
1346;3982
1346;5584
1347;1120
1348;2551
1349;215
1350;2815
1351;4222
1352;2615
1353;977
1354;5393
1355;3325
1356;5362
1357;2883
1357;4214
1358;4841
1359;2615
1360;1788
1360;3602
1361;2495
1361;2497
1361;3401
1361;4027
1361;4328
1361;5219
1361;5236
1361;5240
1361;5320
1362;5051
1362;5054
1363;2615
1364;260
1365;620
1366;1267
1367;4980
1368;4691
1369;5237
1369;5241
1370;2519
1371;5226
1372;710
1373;2057
1374;2442
1374;4641
1375;603
1376;1946
1377;453
1378;5156
1379;4025
1380;3827
1381;3896
1382;2329
1383;1994
1384;1499
1385;1563
1386;4883
1387;4868
1388;3953
1389;1588
1389;1590
1389;2034
1389;2064
1390;2008
1391;2723
1391;4812
1392;3702
1393;641
1393;1394
1393;1631
1393;2827
1393;2843
1393;2844
1393;2884
1393;2918
1393;2919
1393;2928
1393;2930
1393;2937
1393;2976
1393;3553
1393;3571
1393;3598
1393;3607
1393;3921
1393;3927
1393;4204
1393;4901
1394;131
1394;906
1394;1012
1394;1281
1395;4945
1396;320
1397;3316
1398;1835
1399;38
1400;2822
1400;2946
1401;1061
1401;1286
1402;362
1403;1533
1403;1536
1403;1913
1403;1931
1403;2142
1403;2528
1403;2724
1403;5550
1403;5555
1404;3512
1405;5135
1406;4807
1407;1514
1408;3678
1408;3684
1409;3856
1409;3878
1410;5095
1411;2562
1411;3270
1411;3280
1412;83
1412;3034
1413;730
1413;1045
1414;1764
1415;539
1416;973
1417;1278
1418;4809
1419;4902
1420;5235
1421;1389
1422;4325
1423;1674
1423;1699
1424;5111
1425;3424
1426;3496
1426;3676
1427;3595
1428;1584
1428;1611
1429;3247
1430;4596
1431;4678
1432;3289
1433;1537
1433;1728
1433;2939
1434;18
1434;336
1435;547
1436;1517
1437;3564
1438;5488
1439;1713
1440;187
1441;3450
1442;4139
1443;2542
1444;2795
1445;1232
1446;2023
1446;2047
1447;4225
1448;972
1449;3904
1449;3905
1450;4386
1451;2193
1452;3823
1453;4197
1454;249
1455;660
1455;665
1455;776
1455;4652
1456;1405
1457;1522
1458;521
1459;433
1460;889
1461;877
1462;4211
1463;4078
1464;4181
1464;4745
1465;2973
1466;2376
1467;3523
1468;5154
1469;1377
1470;4711
1470;4714
1471;2085
1472;1613
1473;4456
1474;5122
1475;4656
1476;2987
1477;4938
1478;3984
1479;4530
1479;4783
1480;3387
1481;4060
1482;539
1483;61
1483;1448
1484;4303
1485;1437
1486;2917
1487;4225
1487;4316
1488;3676
1489;5175
1490;1907
1491;4934
1492;1213
1493;3810
1493;3812
1493;3814
1494;860
1495;4857
1496;4751
1497;3597
1498;3308
1499;2040
1500;5151
1501;2275
1501;3035
1502;2085
1503;4221
1504;3100
1505;4981
1506;1718
1506;1737
1507;2212
1508;2647
1509;2156
1510;4212
1510;4339
1511;3876
1512;891
1513;3197
1514;5399
1515;648
1515;656
1516;3581
1517;64
1518;392
1519;5520
1520;2028
1521;4796
1522;2059
1523;3777
1524;1163
1524;2177
1525;5028
1526;4210
1526;4556
1527;2901
1527;2932
1527;5139
1528;3780
1528;3784
1529;3631
1530;4894
1531;4217
1531;4896
1532;2920
1533;3242
1534;5448
1535;5386
1536;1316
1537;701
1537;741
1537;2818
1538;4221
1539;3411
1540;4645
1541;3266
1542;3185
1543;2582
1544;4217
1545;2897
1545;5152
1546;5220
1547;318
1547;744
1547;2449
1548;653
1549;1421
1549;3304
1550;5559
1551;5053
1552;240
1552;3445
1553;5385
1554;897
1555;3134
1556;4414
1557;724
1558;4308
1559;422
1560;5380
1561;4168
1562;309
1563;946
1564;3819
1565;3359
1566;3757
1566;4424
1567;2056
1567;4795
1567;5231
1568;1188
1568;1194
1569;347
1570;1288
1571;1332
1572;1942
1573;5433
1574;2799
1575;315
1575;3994
1575;5146
1576;172
1576;188
1577;3699
1578;5362
1579;4955
1580;5188
1581;3101
1582;3791
1583;2335
1584;574
1585;1709
1586;1891
1586;1892
1587;1154
1588;1654
1589;872
1590;3721
1591;4947
1592;2062
1592;4445
1593;2342
1594;1281
1595;4247
1596;619
1596;624
1596;627
1596;631
1596;635
1596;653
1597;3404
1598;2185
1598;3720
1599;5248
1600;2960
1601;3654
1602;479
1602;3038
1602;3059
1602;3075
1602;3092
1602;3098
1602;4293
1603;808
1604;2500
1604;4169
1605;2338
1606;5321
1607;2517
1608;1997
1609;3602
1609;3611
1609;3618
1610;31
1611;939
1612;1048
1613;1354
1613;3237
1614;5562
1615;4896
1616;313
1617;479
1618;238
1619;1402
1620;1035
1620;1044
1620;2371
1620;2511
1620;3083
1620;5310
1621;4952
1622;2420
1622;3291
1622;4605
1623;3145
1624;5356
1625;4979
1626;1951
1627;2543
1628;4624
1629;4618
1630;3761
1631;3729
1632;1427
1632;1731
1632;1733
1633;5578
1634;4444
1635;3267
1636;3979
1637;1728
1638;388
1639;4586
1640;4090
1641;1646
1642;1988
1643;1984
1644;3320
1645;5040
1645;5042
1646;2090
1646;4834
1647;1116
1647;1121
1648;1257
1648;1995
1648;5530
1649;4615
1650;135
1650;153
1651;642
1652;1453
1653;325
1653;3687
1653;5016
1654;1273
1655;922
1656;1697
1657;4168
1658;385
1659;3130
1660;1122
1661;1184
1662;1177
1662;1183
1662;1327
1663;1327
1664;4907
1665;237
1665;277
1666;3095
1667;3054
1668;1482
1669;2788
1669;4604
1669;4701
1670;3705
1670;4124
1671;4718
1672;932
1673;4585
1674;1052
1675;5279
1675;5281
1676;4168
1677;1566
1678;5542
1679;4231
1680;4647
1681;212
1682;3521
1682;4504
1682;4527
1683;4232
1683;4370
1684;5197
1685;796
1686;2009
1687;1844
1687;1850
1687;1855
1687;1861
1687;2234
1687;2379
1688;3417
1689;2396
1690;2804
1691;3186
1691;5570
1692;5392
1693;2254
1694;4965
1695;2364
1696;2862
1697;794
1698;1732
1699;2635
1700;5162
1701;3411
1702;2442
1703;1611
1704;1413
1705;1454
1706;3827
1707;3730
1708;1767
1709;1213
1710;69
1710;101
1711;187
1712;579
1713;5558
1714;2678
1714;4979
1714;5497
1715;1792
1716;328
1717;688
1718;180
1718;3389
1718;4260
1719;3663
1720;901
1721;125
1722;4952
1723;1813
1723;2202
1724;266
1725;1774
1726;2942
1726;3051
1727;4930
1728;5541
1729;376
1730;1561
1730;3614
1731;3463
1732;472
1733;1190
1734;1632
1735;1231
1736;3225
1737;4338
1738;3540
1739;2987
1740;4915
1741;2701
1742;3409
1743;4400
1744;588
1745;640
1746;1762
1747;5030
1748;5037
1749;1268
1750;1361
1751;2951
1751;4946
1751;4953
1751;4957
1751;5441
1752;3390
1753;1339
1753;4024
1754;887
1754;5374
1755;570
1756;3923
1757;1993
1758;4748
1759;1400
1760;1253
1761;1983
1761;2563
1762;3711
1763;2780
1764;1963
1765;1021
1765;1740
1765;1877
1765;2507
1765;4984
1766;1447
1767;3755
1768;3563
1768;4284
1769;3113
1769;4254
1769;4539
1769;4567
1770;4737
1771;2406
1771;4482
1772;2851
1772;4501
1773;2386
1773;4924
1774;5321
1774;5324
1774;5333
1775;3746
1776;3568
1777;2353
1777;4149
1778;3236
1779;3370
1780;3705
1781;357
1782;5497
1783;4498
1783;4909
1784;1193
1784;1228
1784;1260
1785;4429
1786;491
1787;4132
1788;3701
1788;5586
1789;3046
1789;4917
1789;4960
1790;133
1790;257
1791;4029
1792;1658
1793;2046
1794;100
1795;1956
1796;3811
1796;3815
1796;3818
1797;797
1798;3836
1799;5416
1800;1969
1801;731
1801;942
1802;1469
1803;4203
1804;4629
1805;578
1805;585
1806;2086
1807;3827
1808;1150
1809;4615
1810;3369
1811;3117
1812;385
1813;430
1814;4517
1815;5347
1816;247
1816;4170
1817;3788
1818;2004
1819;1531
1820;1179
1821;2428
1822;5352
1823;3403
1824;4235
1824;4236
1825;2600
1826;1506
1827;4179
1828;4680
1829;1616
1830;1876
1831;789
1832;5304
1833;4532
1834;1289
1834;3074
1834;3090
1834;5290
1835;413
1836;2785
1836;5508
1837;2446
1838;2778
1838;3136
1839;4533
1840;4019
1841;3884
1842;105
1843;89
1844;973
1845;3968
1846;4661
1847;2554
1848;443
1849;1066
1850;1976
1851;2781
1852;3995
1853;57
1854;5319
1855;2146
1856;990
1857;1358
1858;1953
1859;1768
1860;1231
1861;3775
1862;3521
1863;4699
1864;1504
1864;2836
1864;3256
1864;4624
1865;1089
1866;517
1867;1294
1868;77
1868;941
1868;3152
1868;3157
1869;5318
1870;2598
1871;4631
1872;2267
1872;2990
1873;2183
1874;1875
1875;667
1875;685
1876;3723
1877;5165
1878;1203
1879;626
1879;1091
1880;4751
1881;268
1882;203
1883;3433
1884;3545
1885;5155
1886;273
1886;1115
1886;1368
1886;1375
1886;3658
1886;3870
1887;4782
1888;4116
1889;1025
1890;4957
1891;107
1892;993
1893;5036
1894;2017
1895;3753
1896;789
1897;328
1897;338
1898;3022
1899;3209
1900;3860
1901;3869
1902;278
1902;290
1902;299
1902;449
1902;3472
1902;3854
1902;4675
1902;5557
1903;110
1904;4035
1905;3163
1906;4184
1906;4192
1907;523
1908;3102
1909;4708
1910;767
1910;802
1911;5577
1912;3731
1913;3742
1914;3577
1915;1944
1916;1937
1917;2173
1918;2219
1919;3374
1920;2674
1921;4067
1922;4109
1923;102
1924;2235
1925;5075
1926;2633
1927;5541
1928;4341
1929;5116
1930;833
1931;5567
1932;5411
1933;2112
1933;2117
1934;2974
1935;632
1936;3708
1937;3747
1938;2910
1939;5471
1940;2396
1941;4644
1942;5412
1943;4403
1944;2314
1945;3547
1946;1494
1947;2303
1948;4974
1949;2516
1950;114
1951;4408
1952;210
1952;666
1953;1941
1954;1656
1955;4849
1956;3775
1957;1909
1958;1478
1959;4953
1960;81
1960;1459
1961;5536
1962;2739
1963;4615
1964;3680
1965;3744
1966;4154
1967;1717
1968;5540
1968;5555
1969;2563
1970;4803
1971;2388
1972;2345
1973;1136
1974;3671
1975;4305
1976;3091
1977;1825
1978;228
1979;1396
1980;1050
1981;2840
1982;628
1983;3482
1984;2671
1985;3340
1986;2955
1987;3002
1988;3798
1989;5402
1990;2994
1991;2104
1992;2619
1993;3907
1994;2845
1994;3965
1994;4817
1995;3588
1996;4040
1996;4893
1997;3715
1997;3716
1998;2920
1999;689
2000;4122
2001;3119
2002;880
2003;3439
2004;3705
2005;1367
2006;459
2007;3309
2007;3354
2007;3366
2007;3542
2007;3562
2007;5219
2007;5230
2007;5485
2008;4514
2009;3923
2010;2417
2011;3593
2011;3924
2012;1770
2012;4857
2012;5425
2013;3731
2014;2717
2015;5017
2016;301
2017;2109
2017;2655
2018;57
2018;5315
2019;1673
2020;262
2021;1541
2021;2403
2022;3836
2023;4525
2024;5001
2025;4467
2026;3817
2027;1928
2028;1976
2028;1988
2029;510
2030;4099
2031;4557
2032;443
2033;1374
2034;53
2035;793
2036;1729
2036;2462
2037;2174
2038;3241
2039;1781
2040;1542
2041;386
2042;1011
2043;1111
2044;854
2045;5477
2045;5589
2046;3626
2047;230
2047;1034
2047;3008
2048;1043
2049;529
2050;1028
2051;731
2051;5047
2052;1001
2052;1008
2052;1172
2052;1314
2052;1329
2052;1565
2052;2732
2053;554
2054;139
2054;198
2055;1532
2056;2736
2056;2738
2057;2578
2058;2585
2059;3779
2060;1980
2061;2184
2062;2831
2063;4941
2064;2862
2064;4047
2065;729
2066;927
2067;2094
2068;5043
2069;905
2070;5349
2070;5430
2070;5436
2071;456
2071;1307
2072;1227
2073;2615
2074;5256
2075;187
2075;194
2075;334
2076;969
2077;1138
2078;623
2079;436
2080;4163
2081;590
2082;205
2083;2111
2084;5039
2085;257
2085;265
2086;531
2087;3596
2088;1047
2088;1083
2089;2611
2090;5587
2091;1767
2091;3223
2091;5058
2091;5059
2092;3990
2092;4618
2093;4935
2094;613
2095;116
2095;124
2096;310
2096;1420
2096;1846
2096;2137
2096;2295
2096;2911
2097;3503
2097;3895
2098;3134
2099;1441
2099;1444
2100;2020
2100;2390
2101;956
2102;1828
2103;4557
2104;430
2105;3655
2106;5106
2107;1084
2108;348
2109;3610
2110;4934
2111;5133
2112;1483
2113;2963
2114;1046
2115;98
2116;3566
2117;4952
2118;1867
2118;5462
2119;4766
2120;1445
2120;1538
2120;1543
2120;1634
2120;1637
2120;2366
2120;2641
2120;2870
2120;3301
2120;3628
2120;3861
2120;3865
2120;4194
2120;4522
2120;4997
2120;5057
2120;5270
2121;3169
2122;4846
2123;2481
2124;5299
2125;3997
2126;752
2127;4760
2128;3103
2129;3514
2130;2867
2131;742
2132;1913
2132;3933
2132;4492
2132;5147
2133;5160
2134;3656
2135;3078
2136;324
2137;4973
2138;3568
2139;377
2140;2700
2141;25
2142;2360
2143;1424
2144;291
2145;2651
2146;3653
2147;492
2148;875
2149;5269
2150;1632
2151;975
2152;2185
2152;3400
2153;1874
2154;4952
2155;2041
2156;4737
2157;2750
2158;3477
2159;1381
2160;1381
2161;4840
2162;3649
2163;2571
2164;3339
2165;386
2166;2000
2167;5293
2168;1282
2169;1428
2169;2393
2170;4892
2171;678
2172;304
2173;4207
2174;2624
2174;2685
2175;383
2176;253
2176;723
2176;1212
2176;3283
2177;5007
2178;761
2179;2415
2180;4020
2180;4251
2180;4331
2181;1029
2182;2447
2183;3638
2184;5207
2184;5291
2185;1666
2185;1902
2185;3549
2185;3556
2185;4781
2186;1437
2187;5450
2188;5386
2189;2722
2190;1439
2191;3318
2192;2190
2193;4145
2193;4150
2193;4282
2193;4289
2193;5553
2194;765
2195;373
2196;416
2196;486
2197;495
2198;5203
2199;1539
2200;1488
2201;609
2201;2802
2202;2771
2203;3641
2204;3793
2205;4764
2206;3843
2207;558
2208;3342
2209;5406
2210;2482
2211;2727
2212;507
2213;466
2214;3774
2215;5459
2216;2531
2217;3421
2218;1312
2219;1887
2220;986
2221;2521
2222;2262
2222;2269
2223;4200
2223;4265
2223;4356
2224;3297
2224;3368
2224;3473
2225;526
2225;1588
2226;3176
2227;4995
2228;5568
2229;2672
2230;3724
2231;5003
2232;3171
2232;4449
2233;2789
2234;5595
2235;1441
2235;1444
2236;3111
2237;2622
2238;3168
2239;4377
2240;4172
2241;329
2241;1346
2242;959
2242;966
2242;976
2242;1303
2242;5056
2242;5417
2243;3908
2244;1676
2245;532
2246;1852
2247;1285
2248;5272
2249;2802
2250;3802
2251;2217
2252;291
2252;1259
2252;1383
2252;1895
2252;2187
2253;1167
2254;169
2254;748
2254;764
2254;773
2255;996
2256;487
2257;2014
2258;2705
2259;535
2260;3623
2261;3259
2262;2029
2262;5100
2262;5296
2263;1460
2264;4700
2265;2862
2265;3929
2265;5387
2266;5500
2267;2695
2267;4091
2268;1624
2269;3228
2270;2842
2271;4001
2272;398
2272;420
2273;5472
2274;2229
2275;323
2276;2949
2276;2950
2277;691
2278;2006
2279;5353
2280;4664
2281;836
2282;4570
2283;771
2284;5398
2285;1956
2286;2853
2287;1750
2288;1350
2289;5395
2290;4048
2290;4051
2291;2871
2292;1657
2293;2095
2294;739
2295;4028
2296;1561
2297;1725
2298;944
2298;3025
2299;4301
2300;1379
2300;1385
2300;1392
2301;5527
2302;5184
2303;4736
2304;1514
2305;1168
2306;5201
2307;3478
2308;602
2309;5476
2310;1893
2311;4529
2312;3693
2313;4291
2314;1214
2315;967
2316;4486
2317;566
2318;252
2319;5392
2320;3588
2321;2208
2322;2551
2322;2561
2322;2996
2322;3178
2322;3182
2322;3245
2323;1162
2324;1109
2325;4736
2326;5102
2327;5360
2328;396
2329;561
2330;3476
2331;1255
2332;2391
2333;3640
2333;3682
2334;4214
2335;476
2335;3604
2336;2432
2337;324
2338;1521
2339;5069
2340;2752
2341;2875
2342;4202
2343;1382
2344;134
2345;2809
2347;2550
2347;2590
2348;3741
2349;3916
2350;5587
2350;5590
2351;4053
2352;4537
2353;4775
2354;409
2354;439
2355;3323
2355;3329
2356;5495
2357;756
2358;4062
2359;1061
2360;5079
2361;1961
2362;2242
2362;2755
2363;3106
2364;2413
2365;4157
2366;3169
2367;721
2368;74
2368;623
2368;3044
2368;5129
2369;769
2370;2343
2371;1009
2372;2518
2373;430
2374;5028
2374;5030
2375;5365
2376;3390
2377;3357
2378;2374
2379;1092
2380;76
2380;87
2381;4394
2382;3508
2383;3947
2384;4237
2385;876
2386;607
2387;4924
2388;4106
2389;3609
2390;426
2391;6
2391;142
2392;1218
2393;3425
2394;2490
2395;2395
2396;1807
2396;5597
2397;777
2398;1184
2399;2260
2400;2605
2400;3594
2401;3411
2402;149
2403;3
2403;369
2403;957
2403;1019
2403;1247
2403;1333
2404;4324
2405;296
2405;936
2405;1082
2405;1093
2405;1100
2406;1099
2407;3704
2408;2767
2409;2684
2410;2014
2411;5336
2412;568
2413;1651
2414;3042
2415;70
2415;961
2415;1175
2415;1208
2415;1352
2415;1366
2416;1508
2416;1511
2416;1757
2416;2617
2416;3559
2416;3937
2416;4420
2416;4705
2416;5159
2417;4747
2418;5226
2419;600
2420;381
2421;1214
2422;623
2423;899
2423;912
2424;2307
2425;1817
2425;2010
2425;5229
2426;4632
2427;4319
2428;96
2429;3084
2430;245
2431;639
2432;3342
2433;4998
2434;3585
2435;1574
2436;3460
2437;403
2438;5275
2439;127
2440;1653
2441;970
2442;1068
2442;1751
2442;5601
2443;1745
2443;1749
2444;3524
2445;1465
2446;2376
2447;1800
2447;1897
2447;1904
2447;4802
2447;4807
2447;4987
2448;2775
2449;3579
2450;3582
2451;2878
2452;3053
2452;3107
2453;4157
2454;1873
2454;1886
2455;1852
2456;4105
2457;1085
2458;2900
2459;2315
2459;4241
2460;2126
2460;2133
2461;205
2461;211
2462;1144
2463;1578
2463;1612
2464;881
2465;5453
2466;2976
2467;1240
2468;5327
2469;109
2469;737
2469;3973
2470;3247
2471;2324
2471;2654
2471;3554
2472;4478
2473;4937
2474;2411
2475;690
2476;40
2477;4949
2478;2044
2478;2051
2479;4378
2479;4381
2479;4388
2479;4390
2480;4802
2481;1653
2482;3316
2483;2673
2484;174
2485;498
2486;5378
2487;2164
2488;934
2489;2726
2490;3662
2491;2396
2492;5179
2493;2994
2494;4214
2495;4568
2496;80
2497;1601
2498;199
2498;1014
2499;252
2500;3713
2501;5216
2502;430
2503;4174
2504;942
2505;4198
2506;4525
2507;2427
2507;4514
2508;4171
2509;3519
2510;1968
2511;1189
2512;2337
2513;1051
2514;1148
2515;3303
2516;4435
2517;4335
2517;4515
2518;3893
2519;777
2520;5212
2521;4332
2522;427
2523;1799
2524;4942
2525;5082
2526;418
2527;2307
2528;2072
2528;2076
2529;5478
2530;4067
2531;2144
2532;2961
2533;488
2534;4742
2535;4469
2535;4487
2535;4499
2535;4512
2535;4956
2536;1305
2537;1123
2538;2175
2539;5430
2540;4378
2541;3318
2542;3583
2543;415
2543;426
2543;431
2543;437
2544;4052
2545;1819
2546;2770
2547;1002
2548;3781
2549;2307
2549;5348
2550;446
2550;458
2550;463
2551;3361
2552;2063
2553;2947
2554;2279
2555;1534
2556;58
2556;1688
2557;144
2558;3432
2559;4437
2560;3753
2560;4127
2561;382
2562;1308
2562;1318
2563;1917
2564;5505
2565;799
2565;810
2566;2649
2566;2651
2567;1204
2568;704
2569;464
2570;1153
2571;1141
2572;1137
2573;338
2574;504
2575;1089
2576;3619
2576;4655
2577;1291
2578;2088
2579;3914
2580;1786
2581;856
2582;3883
2583;2556
2584;758
2585;4006
2586;729
2587;36
2588;4608
2589;2388
2590;102
2591;643
2592;791
2593;5469
2594;4850
2595;5261
2596;1040
2597;829
2598;5435
2599;2561
2600;4068
2601;2306
2601;2967
2601;3753
2602;2014
2603;5145
2604;4277
2605;2019
2605;4385
2606;2349
2606;2920
2607;2508
2608;2948
2609;219
2610;3550
2611;4698
2612;5364
2613;2431
2614;3690
2614;3693
2615;1597
2616;1738
2617;4499
2618;462
2619;521
2620;4040
2621;2688
2622;770
2623;4502
2624;1948
2625;768
2626;2688
2627;1137
2628;5018
2629;1
2630;873
2631;516
2632;5577
2633;1842
2634;2042
2634;4589
2635;4722
2635;5096
2635;5431
2636;2834
2636;2982
2637;4952
2638;4030
2639;3881
2640;534
2641;82
2642;2230
2643;926
2644;3672
2644;4801
2645;4087
2646;3836
2647;2373
2647;2381
2648;2390
2649;1463
2649;1465
2650;361
2651;1195
2652;801
2653;1186
2654;1553
2655;3500
2656;3457
2657;3356
2658;3530
2659;5334
2660;5549
2661;3712
2662;3827
2663;5242
2664;1529
2665;4318
2666;3743
2667;3844
2668;3674
2669;693
2670;2669
2670;2703
2670;2747
2670;2823
2670;3189
2670;3199
2670;3268
2670;3324
2670;3327
2670;3331
2670;3337
2670;3344
2670;3349
2671;946
2672;1640
2673;581
2673;2501
2673;4528
2673;4548
2673;4553
2674;1556
2675;4966
2676;1790
2677;3530
2677;3993
2678;4489
2679;1003
2680;4508
2681;820
2682;925
2683;1992
2683;2057
2684;4165
2685;4536
2686;5336
2687;5358
2688;658
2689;2599
2690;606
2691;271
2692;5074
2693;2599
2694;2120
2695;5438
2696;2707
2697;5001
2698;5475
2699;4473
2700;728
2701;3342
2702;2477
2703;2446
2704;1004
2704;1773
2704;1958
2705;103
2706;4803
2707;5099
2708;3150
2708;3212
2709;5334
2710;54
2711;211
2712;661
2713;186
2713;193
2714;1246
2715;1309
2716;2852
2716;4520
2717;5601
2718;2472
2719;2316
2720;3748
2721;3250
2722;3012
2723;637
2723;894
2724;2800
2725;3805
2726;521
2726;3951
2726;3990
2726;4159
2727;1357
2728;2293
2729;4342
2730;769
2730;4123
2730;4155
2731;824
2732;3673
2733;2475
2734;3555
2735;1603
2736;3630
2737;3989
2738;2686
2739;3749
2740;5446
2741;4581
2742;964
2742;3467
2743;5295
2744;3980
2745;2241
2746;2189
2747;4472
2748;4926
2749;885
2749;928
2750;1721
2751;1527
2752;3982
2753;870
2753;909
2754;1481
2755;1686
2756;497
2757;2542
2758;3405
2759;1317
2760;2848
2761;4761
2761;4771
2761;4829
2762;5383
2763;2194
2764;3733
2765;1010
2766;72
2766;196
2767;747
2768;717
2769;1744
2770;1320
2771;2038
2772;3281
2773;5153
2774;3807
2774;4275
2775;4774
2776;3910
2777;3453
2778;1578
2778;1612
2779;2057
2780;589
2781;2694
2781;2710
2781;2712
2781;2737
2782;4061
2782;4111
2782;4338
2783;4663
2784;4264
2784;4481
2785;123
2785;1067
2786;4517
2787;829
2787;869
2788;611
2788;924
2789;422
2789;4751
2790;2167
2790;2952
2791;3151
2792;1476
2792;1479
2792;1484
2793;3397
2794;2935
2795;4300
2796;256
2797;5383
2798;2253
2798;4176
2798;4351
2798;4710
2798;5409
2799;1291
2800;528
2801;3493
2801;4799
2802;3931
2803;2754
2803;2876
2804;3855
2805;470
2806;3026
2807;1211
2808;1588
2809;4040
2810;3697
2811;2666
2812;1591
2813;4460
2814;2143
2814;2151
2815;1243
2816;4348
2817;322
2818;4666
2819;2441
2820;3632
2821;5093
2822;2958
2823;1016
2824;276
2825;1295
2826;5390
2827;5532
2828;2515
2829;4969
2829;5002
2829;5006
2829;5009
2829;5013
2829;5015
2829;5020
2829;5022
2829;5024
2829;5025
2829;5026
2829;5027
2829;5032
2829;5034
2830;1882
2830;3076
2830;3829
2831;164
2832;1630
2833;4490
2834;3986
2835;2161
2836;2216
2837;3589
2837;3642
2838;85
2838;4151
2838;5462
2839;2
2840;5454
2841;1600
2842;3644
2843;4475
2844;1812
2845;203
2846;2935
2846;2970
2846;3964
2847;5317
2847;5336
2848;3452
2849;3101
2850;377
2851;4790
2852;5124
2853;1061
2854;1341
2854;2448
2854;2807
2854;3981
2854;4042
2854;4233
2854;5339
2855;5604
2856;2668
2857;4621
2858;1171
2858;1176
2859;3930
2860;749
2861;3797
2861;3821
2862;4045
2862;4095
2862;4130
2862;4380
2862;4454
2862;4474
2862;4564
2863;2000
2864;4419
2865;4615
2866;4327
2867;1562
2868;733
2869;3813
2870;5543
2871;4523
2872;4079
2873;5274
2873;5444
2874;5171
2875;17
2876;509
2877;3334
2878;1976
2879;2890
2879;4194
2880;4897
2881;4738
2882;383
2883;503
2884;3523
2885;3089
2885;3455
2886;2859
2886;4631
2887;2862
2888;15
2889;4573
2889;4588
2890;4645
2891;3980
2892;633
2893;5324
2894;2505
2895;5035
2896;1379
2897;4227
2897;4355
2897;4360
2898;264
2899;4577
2900;2060
2900;3975
2901;1663
2901;2194
2901;2346
2902;2793
2903;2969
2904;1579
2905;5498
2906;4018
2907;5565
2908;735
2909;1443
2909;1445
2910;3934
2911;1101
2911;1139
2912;3742
2913;2006
2914;2403
2914;3187
2915;5451
2915;5466
2916;120
2917;2406
2917;3415
2918;402
2919;4510
2920;4766
2921;2385
2922;2760
2922;2892
2923;4818
2924;2134
2925;4723
2926;3238
2927;3790
2928;2425
2929;116
2930;4364
2931;3315
2932;487
2933;3263
2934;5486
2935;94
2936;5350
2937;2653
2938;3141
2939;3307
2939;4281
2940;5368
2941;3175
2942;4264
2943;2873
2944;5573
2945;4004
2946;103
2946;110
2946;2864
2946;2868
2946;4610
2947;5169
2948;2485
2949;1311
2950;3724
2951;3252
2952;778
2953;3932
2954;1540
2955;5286
2955;5289
2956;685
2957;2803
2958;3624
2959;1760
2960;1643
2961;2323
2962;496
2963;2207
2964;5259
2965;1025
2965;1030
2966;4832
2966;4844
2967;3551
2968;1170
2969;5504
2970;3820
2971;117
2971;4502
2972;979
2973;1148
2973;1724
2973;2002
2973;4248
2974;2290
2974;2316
2975;3635
2976;5086
2977;919
2978;3790
2979;2873
2980;2735
2981;123
2982;5456
2983;1236
2984;2707
2985;4040
2986;195
2986;1924
2987;1409
2988;1359
2989;1922
2989;4788
2990;5267
2990;5552
2991;4058
2991;4382
2992;3652
2992;4285
2993;2337
2993;3697
2994;2423
2995;4712
2996;118
2997;2962
2998;4115
2998;4470
2998;4671
2998;4845
2998;5157
2998;5228
2999;3027
3000;1298
3001;3584
3002;842
3004;819
3005;4514
3006;3094
3007;815
3008;772
3008;1181
3008;1187
3008;1205
3008;1234
3008;1370
3008;1754
3008;2811
3008;3164
3008;3254
3009;644
3009;1020
3009;1039
3009;1145
3010;4069
3011;4133
3012;3831
3012;3835
3012;3841
3012;4873
3012;4875
3012;5008
3013;756
3014;4532
3015;2453
3016;949
3017;3679
3017;3692
3017;3697
3018;68
3019;1340
3020;93
3021;2466
3022;1872
3023;2100
3024;4182
3025;4125
3026;3949
3027;2036
3028;915
3029;4707
3030;1813
3031;5142
3032;841
3032;846
3032;853
3032;867
3033;103
3034;1955
3035;2414
3036;3095
3037;2065
3038;2264
3038;2285
3038;2305
3038;2316
3039;2405
3040;3388
3041;853
3042;5403
3043;592
3044;2383
3044;2793
3045;1783
3046;4077
3047;203
3048;4040
3049;3515
3049;3691
3050;2439
3051;4178
3052;2621
3053;4526
3054;5499
3055;2013
3056;652
3057;4313
3058;774
3059;5113
3060;1477
3061;731
3062;1264
3063;4238
3064;5297
3065;3261
3065;3300
3065;3319
3065;3737
3065;3752
3065;3983
3065;4912
3066;497
3067;3889
3068;2813
3069;1765
3069;4637
3070;4034
3071;2280
3072;2536
3072;2589
3073;2408
3074;1274
3075;4636
3076;423
3076;501
3077;2973
3078;386
3079;5311
3080;3601
3081;5079
3082;1790
3083;2926
3084;161
3085;59
3086;154
3087;481
3088;996
3089;487
3090;2718
3091;3589
3092;1427
3093;1336
3094;2768
3095;273
3095;4717
3096;1628
3097;4940
3098;5494
3099;3148
3100;2450
3101;821
3102;33
3103;20
3104;1147
3105;137
3106;3734
3106;3736
3107;2638
3107;2895
3108;236
3108;1836
3108;3791
3109;150
3109;350
3110;3380
3111;2744
3111;3846
3111;3849
3111;3857
3112;1119
3113;2956
3114;41
3115;2454
3116;5435
3116;5458
3117;125
3117;159
3118;697
3119;4594
3120;2560
3121;4153
3122;3197
3123;1142
3124;3181
3124;3200
3125;447
3126;3680
3127;375
3128;2030
3128;2050
3129;3000
3129;3232
3130;3117
3131;3447
3131;3643
3132;3126
3133;372
3133;1009
3134;4097
3135;4986
3136;4618
3137;4863
3138;4881
3139;4502
3140;169
3140;2611
3141;849
3142;886
3143;3028
3143;3093
3144;311
3144;321
3144;664
3144;875
3144;1287
3144;1639
3144;1642
3144;3695
3144;4195
3144;4491
3145;1151
3146;3614
3147;4328
3148;81
3149;248
3150;663
3151;235
3152;2342
3153;165
3153;1369
3153;1758
3153;3123
3154;1551
3154;4032
3155;4080
3156;1542
3157;3060
3157;4017
3157;5012
3157;5046
3157;5050
3158;2938
3159;4967
3160;673
3160;699
3160;716
3160;750
3160;775
3161;170
3162;1596
3163;2955
3164;5061
3165;1579
3166;2992
3167;1833
3168;5462
3169;3665
3170;356
3170;1363
3171;3343
3172;1561
3173;4932
3174;1047
3175;1271
3176;222
3176;227
3177;1418
3178;39
3178;43
3178;121
3178;167
3178;1206
3178;1261
3178;1296
3178;1348
3178;1355
3178;1372
3178;1395
3178;1415
3178;1730
3178;1834
3179;113
3180;1229
3181;4022
3181;4075
3182;356
3183;2323
3184;3529
3185;2241
3186;733
3187;2053
3188;397
3188;401
3188;790
3188;807
3188;830
3188;2278
3188;2713
3189;4442
3190;1635
3191;800
3192;246
3193;1672
3194;196
3195;1563
3196;5526
3197;1216
3198;1821
3199;3282
3199;3902
3200;2796
3200;4724
3201;4993
3202;4960
3203;4107
3204;4658
3204;5523
3205;1441
3205;1444
3206;1199
3207;985
3208;119
3209;404
3210;848
3211;5365
3212;266
3213;2970
3214;1182
3215;4434
3216;5181
3217;4715
3218;2724
3219;695
3219;705
3219;755
3220;3183
3221;3383
3222;140
3223;4009
3224;435
3225;4583
3226;2402
3226;5379
3226;5390
3226;5463
3227;406
3228;1782
3228;5313
3229;4752
3229;4754
3230;4540
3231;302
3231;3215
3232;934
3233;414
3234;1491
3234;1513
3235;4827
3236;4221
3236;4616
3237;1132
3237;1376
3237;2256
3238;1191
3239;5088
3240;3550
3241;2344
3242;607
3243;481
3244;2336
3245;4823
3246;4549
3247;2292
3247;2297
3248;3580
3249;2903
3250;293
3250;379
3251;1222
3252;3643
3253;2761
3253;5316
3254;5292
3255;1624
3256;5489
3257;2368
3257;3890
3258;2516
3259;3766
3260;2681
3260;3153
3261;818
3262;2530
3263;1497
3263;2768
3263;3024
3263;3953
3264;4493
3265;2422
3266;3311
3267;3375
3268;4753
3269;5346
3269;5355
3270;2957
3271;620
3272;2376
3273;2058
3274;1869
3275;4514
3276;3568
3277;4775
3278;2351
3279;3379
3279;4629
3280;1624
3281;2598
3282;2393
3283;3770
3284;4193
3285;2132
3286;483
3286;506
3286;518
3287;649
3288;3057
3289;1399
3290;1096
3291;391
3292;1153
3293;4890
3294;1269
3295;2689
3296;1233
3296;1251
3297;3944
3298;606
3299;3045
3300;5173
3301;526
3302;4140
3303;5288
3304;4458
3304;4463
3304;4473
3305;2489
3306;5537
3307;5483
3308;2885
3309;709
3310;1827
3311;1220
3312;5170
3313;5124
3314;4958
3315;3685
3315;3726
3316;411
3317;3552
3318;2590
3319;516
3320;4813
3321;1796
3321;4625
3321;5556
3322;13
3323;1297
3324;3190
3325;4065
3326;3956
3327;5062
3328;3951
3329;3149
3330;4534
3331;16
3332;1256
3333;2888
3334;1586
3335;2375
3335;2499
3335;4349
3336;55
3337;1615
3338;3459
3339;605
3340;4571
3341;3444
3342;4438
3342;5405
3343;4723
3344;1457
3345;1026
3345;1226
3346;5421
3347;3508
3348;360
3349;3508
3350;335
3351;951
3352;4895
3353;1673
3354;1283
3355;2798
3355;3469
3356;2403
3357;4775
3358;2953
3359;5191
3360;953
3360;1483
3360;2080
3361;333
3361;345
3361;367
3361;374
3362;1285
3363;3161
3364;2259
3364;2328
3365;5382
3366;4084
3367;3041
3367;3914
3368;5053
3369;3719
3370;3675
3371;4943
3372;4514
3373;4152
3374;1507
3374;1735
3374;1803
3374;3625
3375;718
3375;726
3375;742
3375;1221
3375;1262
3376;3800
3376;4689
3377;1801
3378;524
3379;494
3379;524
3380;3504
3381;217
3381;2778
3381;3353
3382;5288
3383;1660
3383;1677
3384;5524
3385;2656
3386;3073
3387;5345
3388;3523
3389;3853
3390;5401
3391;2623
3392;4866
3392;4869
3393;5204
3394;5082
3395;4304
3396;4566
3397;1507
3397;1509
3397;3901
3397;4492
3397;5193
3398;4939
3399;3892
3400;5338
3401;669
3402;5256
3403;4665
3404;610
3405;2011
3406;9
3407;1075
3408;5539
3409;1996
3410;1741
3411;2241
3412;3700
3413;555
3414;4361
3415;3580
3416;2974
3417;265
3418;3763
3419;205
3419;256
3420;5040
3421;418
3422;493
3423;2741
3424;3011
3425;706
3426;2383
3427;1795
3428;3880
3429;3633
3429;3887
3430;2544
3431;4082
3432;4533
3433;677
3434;2575
3435;4660
3436;4913
3437;3778
3438;1934
3439;4071
3440;2923
3441;2197
3441;2421
3441;5473
3442;122
3443;1615
3443;1670
3444;2593
3445;4598
3446;3621
3447;5312
3448;3903
3449;4726
3450;289
3450;294
3450;393
3451;1254
3452;4823
3453;2057
3454;216
3455;4125
3455;4133
3456;651
3457;2170
3458;71
3459;3836
3460;800
3461;3151
3462;5055
3463;2704
3464;1820
3464;1822
3464;5561
3465;4793
3466;3912
3467;4634
3468;4645
3469;1765
3469;4525
3470;90
3471;1364
3472;4001
3473;596
3474;5487
3475;753
3476;5114
3476;5121
3477;676
3478;1365
3479;5250
3480;34
3481;5238
3482;5319
3483;3465
3484;2904
3485;1335
3486;1335
3487;1743
3487;1972
3487;2583
3487;2584
3487;2922
3487;2925
3487;3728
3487;4009
3487;4739
3487;5585
3488;4295
3489;4796
3490;3138
3491;2794
3491;2971
3492;2498
3493;4121
3494;4421
3495;3080
3496;804
3497;1174
3498;213
3498;222
3498;231
3499;2885
3500;1284
3501;3954
3501;3959
3501;3963
3501;3966
3502;4864
3503;4815
3504;1805
3505;2157
3505;2968
3506;4296
3507;5332
3508;2342
3509;3134
3510;4593
3510;4903
3511;1055
3512;381
3513;22
3514;5023
3515;2309
3516;1890
3517;1629
3518;4636
3519;4709
3520;1278
3521;1568
3522;4158
3523;5289
3524;4704
3525;2329
3526;4058
3526;4439
3527;5163
3528;552
3529;4019
3530;1367
3531;5103
3532;1017
3532;1024
3533;1480
3533;1485
3533;2833
3534;3572
3534;3722
3534;4524
3534;4851
3534;5276
3535;1123
3536;3967
3537;5184
3538;2279
3539;275
3540;4058
3541;4358
3542;2280
3542;2316
3543;3771
3544;3561
3545;3651
3546;3969
3547;5522
3548;3072
3549;1665
3550;1493
3551;4996
3552;254
3552;287
3552;288
3553;37
3554;436
3555;4964
3555;5123
3556;3070
3557;3471
3558;3852
3559;2886
3559;2889
3559;3483
3560;559
3561;5496
3562;1673
3563;3373
3564;80
3565;1785
3566;2335
3567;3824
3567;3935
3568;5245
3568;5257
3568;5263
3569;85
3570;3993
3571;4007
3572;1791
3573;355
3574;3796
3575;3795
3576;3007
3577;2355
3578;2545
3579;2524
3580;1322
3581;4618
3582;2579
3582;2580
3583;2157
3584;4648
3585;2776
3586;4884
3587;4069
3588;2882
3588;5090
3589;3590
3590;2008
3591;2199
3592;5352
3593;2079
3594;2024
3595;3665
3596;2300
3597;3127
3597;3134
3598;1073
3599;2397
3600;5563
3601;2981
3602;3590
3603;1201
3603;1209
3603;1410
3603;1416
3604;5072
3604;5149
3605;4160
3606;3825
3607;4804
3608;2546
3609;770
3610;3133
3611;5089
3612;1805
3613;3516
3614;2350
3614;3650
3615;3272
3616;2585
3617;2090
3617;5000
3618;2725
3619;1007
3620;5132
3621;1903
3622;2891
3623;132
3623;2397
3623;5004
3624;1484
3625;1427
3626;4600
3626;4735
3626;5322
3627;629
3627;2525
3627;2846
3627;2858
3627;5044
3628;1970
3628;2250
3629;126
3630;474
3631;282
3632;4975
3633;2256
3634;5225
3634;5234
3634;5252
3635;1818
3636;2615
3637;72
3637;196
3638;1516
3639;1131
3639;1143
3640;1127
3641;636
3642;5594
3643;2568
3644;4330
3645;2139
3646;4885
3646;4888
3647;4230
3647;4278
3647;4321
3648;5369
3649;2412
3650;3229
3651;4867
3652;2711
3652;2952
3652;3032
3652;4103
3652;4252
3653;2096
3653;4550
3654;4779
3655;2745
3656;3138
3657;3371
3658;2494
3659;1935
3659;3225
3659;4317
3660;1279
3660;3100
3661;2652
3662;200
3662;275
3663;4422
3664;1780
3664;4108
3664;4113
3664;4654
3665;4086
3665;4160
3666;1923
3666;3674
3666;3777
3666;4250
3667;3882
3668;339
3669;464
3670;1200
3671;28
3671;322
3672;546
3672;1840
3672;1859
3672;3225
3673;1023
3674;1552
3674;4730
3675;5028
3676;1002
3677;768
3678;3172
3678;3830
3679;2033
3679;2997
3679;2998
3679;2999
3679;3001
3679;3005
3679;5021
3680;1792
3680;1989
3680;4592
3680;4767
3681;3922
3682;1049
3682;1103
3682;1149
3682;1798
3682;1885
3682;3674
3682;5060
3682;5151
3683;1023
3684;1938
3684;4301
3684;5158
3685;3419
3685;4602
3685;4673
3685;4696
3686;3295
3687;2805
3687;3911
3688;804
3688;1235
3688;2680
3688;2854
3688;5580
3689;461
3690;2529
3690;2557
3690;4000
3690;5029
3690;5084
3691;3862
3692;12
3693;1692
3693;2129
3693;2233
3693;2267
3693;2662
3693;4311
3694;440
3695;1918
3696;2400
3696;3215
3696;3617
3696;4269
3696;4638
3696;4826
3697;1141
3698;1999
3698;2818
3699;834
3700;3866
3701;4272
3701;4430
3702;3939
3703;4630
3704;5084
3705;5309
3706;2648
3706;4737
3707;2839
3708;2733
3709;1723
3709;3184
3709;3637
3709;4372
3710;4157
3711;2180
3712;4416
3713;3806
3713;4112
3714;3866
3714;3948
3715;3663
3716;4336
3717;63
3717;3120
3717;5343
3718;2223
3718;4683
3718;4692
3719;4686
3720;1404
3721;2753
3721;4853
3721;5077
3722;4003
3722;4177
3723;2334
3724;487
3725;5151
3725;5343
3726;63
3726;1880
3726;2200
3727;834
3727;5343
3728;464
3728;1103
3728;2453
3729;1153
3730;3126
3731;1065
3731;4093
3732;512
3733;3502
3734;823
3735;155
3735;372
3735;440
3735;543
3735;1141
3735;1427
3735;2236
3735;2445
3735;2511
3735;2855
3735;3696
3735;4128
3735;4311
3735;4560
3736;2478
3736;5365
3737;3710
3738;1165
3739;1582
3739;2445
3739;2463
3739;2763
3740;696
3740;703
3740;805
3741;2541
3742;1878
3743;1981
3744;2214
3744;3225
3745;224
3746;119
3747;1974
3747;4543
3748;1489
3748;3005
3748;3006
3749;3754
3750;546
3751;3286
3752;3942
3753;1653
3753;1654
3754;2758
3755;4411
3756;562
3757;91
3757;768
3757;1002
3757;1103
3757;1347
3758;1496
3758;1784
3758;1903
3758;2209
3758;5097
3759;4147
3759;4164
3759;4603
3760;3071
3761;513
3762;5029
3763;1070
3763;1996
3763;2135
3764;3434
3765;3008
3766;4413
3766;5501
3767;4050
3768;1023
3769;4690
3769;4720
3770;2058
3770;3384
3771;186
3771;515
3772;1770
3772;1905
3772;1965
3772;3439
3772;3714
3772;5109
3772;5119
3773;441
3774;1942
3775;543
3776;3735
3777;292
3777;365
3777;1112
3777;4173
3778;2106
3778;2532
3779;1002
3780;2896
3780;3341
3781;78
3781;573
3781;1120
3781;1160
3781;1923
3781;1930
3781;1938
3781;1940
3781;1946
3781;2313
3782;1124
3783;70
3784;4572
3785;440
3786;2150
3786;3274
3786;3495
3786;4320
3786;4405
3786;5537
3787;1153
3788;2989
3789;3227
3789;3350
3790;2679
3791;230
3792;1120
3792;1160
3792;2449
3792;3566
3792;4118
3792;4423
3792;4690
3792;5537
3793;443
3794;580
3794;1200
3795;1002
3796;5097
3796;5410
3796;5539
3797;2438
3797;2756
3798;3225
3799;5101
3800;4575
3801;595
3801;4681
3802;1123
3803;1989
3804;2148
3804;3180
3805;1235
3805;3876
3805;4340
3805;4694
3806;70
3806;4518
3807;2818
3808;2616
3808;2724
3809;70
3809;2153
3810;570
3810;4050
3811;4622
3811;4905
3812;1285
3812;1768
3812;3766
3812;4292
3813;2838
3814;145
3815;349
3816;4447
3817;1266
3818;2035
3819;347
3819;784
3819;833
3819;951
3819;1051
3819;2346
3819;2696
3819;4276
3820;154
3820;992
3821;2291
3821;4075
3822;5
3823;2070
3823;3058
3824;543
3824;1041
3824;1326
3824;2064
3824;2347
3825;3919
3825;4185
3825;4390
3825;4395
3826;813
3827;3336
3827;4243
3827;4501
3827;4719
3827;5440
3828;373
3828;383
3829;482
3830;147
3830;173
3830;499
3830;560
3830;567
3830;722
3830;798
3830;863
3830;995
3830;1000
3830;1022
3830;1249
3830;1277
3830;1315
3831;674
3831;679
3831;680
3831;684
3831;5224
3832;409
3832;1964
3832;2743
3832;4384
3832;4389
3832;5148
3833;489
3833;2531
3833;3602
3834;596
3835;3544
3836;1126
3837;3313
3838;1290
3839;3850
3840;3661
3841;5183
3842;1549
3842;3132
3843;2409
3843;3385
3843;3626
3844;1152
3844;1159
3845;5239
3846;255
3846;1589
3846;2724
3846;3266
3846;5273
3846;5420
3846;5492
3847;93
3848;219
3848;495
3848;1397
3849;501
3850;501
3851;145
3852;399
3853;1152
3854;2542
3854;3529
3855;4763
3856;467
3857;182
3857;1128
3857;1384
3858;4098
3858;5443
3859;1064
3859;2245
3859;4650
3860;2169
3860;2344
3861;2865
3861;2907
3862;3412
3863;2415
3863;2865
3863;2871
3864;1853
3865;1397
3866;1397
3867;496
3868;5601
3869;347
3869;767
3869;783
3869;787
3869;857
3869;900
3869;1152
3869;5208
3870;812
3871;399
3872;920
3873;2444
3874;82
3875;617
3876;688
3877;634
3878;1080
3878;1662
3879;1324
3880;596
3881;634
3881;2363
3882;2921
3883;1649
3883;1652
3883;1811
3884;2636
3884;3646
3885;1263
3885;1384
3886;668
3886;838
3887;3909
3888;1152
3889;322
3889;2291
3890;2510
3891;1057
3891;3525
3892;4870
3893;2738
3894;5423
3894;5566
3894;5582
3895;146
3895;3674
3896;811
3897;1500
3897;1720
3897;4716
3898;1290
3899;752
3899;1156
3900;2706
3901;1103
3902;977
3903;1290
3904;4716
3905;1156
3906;1301
3907;530
3908;741
3909;607
3910;4
3910;9
3910;1127
3910;4183
3910;4185
3911;2272
3911;5566
3912;399
3913;1694
3913;2929
3914;3548
3915;2720
3916;1038
3917;1054
3918;406
3919;266
3920;883
3921;766
3922;722
3923;2003
3923;2826
3923;3036
3923;3907
3923;5019
3923;5484
3924;3010
3924;5174
3925;2303
3926;4786
3927;274
3927;443
3928;697
3929;618
3929;1298
3929;1306
3929;1373
3930;125
3931;4850
3932;583
3932;1520
3933;563
3933;1455
3933;2203
3933;2401
3933;2533
3933;3762
3933;4450
3934;2
3935;264
3936;3115
3937;1584
3937;2301
3938;2054
3938;4746
3939;482
3940;2147
3940;2155
3941;2579
3942;1333
3943;687
3944;351
3945;341
3946;1417
3946;2169
3947;5424
3948;2356
3949;5347
3950;1779
3950;1927
3950;4681
3951;5530
3952;27
3953;117
3953;543
3953;1041
3953;1326
3953;2141
3953;3049
3953;5095
3954;891
3955;3277
3956;782
3957;152
3958;1422
3959;152
3959;157
3960;1279
3961;136
3961;162
3961;176
3961;201
3961;419
3962;206
3963;412
3964;616
3965;1151
3966;843
3967;622
3968;633
3969;788
3970;804
3971;241
3972;104
3973;399
3974;616
3975;1884
3976;1442
3976;4800
3977;694
3977;5042
3978;2172
3978;3353
3978;4972
3979;5044
3980;2076
3981;1426
3982;378
3982;387
3982;395
3983;2984
3984;3196
3984;5140
3985;112
3986;175
3987;1248
3988;893
3989;669
3990;270
3991;1401
3992;5196
3993;5196
3993;5200
3993;5205
3993;5209
3994;1514
3995;1501
3996;4618
3997;155
3998;583
3999;343
4000;3953
4001;1474
4001;1475
4002;292
4002;365
4003;2
4004;365
4005;788
4006;1000
4007;70
4007;1027
4008;339
4008;1009
4008;1123
4009;1156
4010;1791
4011;1664
4012;5465
4013;5550
4014;266
4015;181
4016;468
4017;521
4018;157
4019;817
4020;1198
4020;1337
4021;233
4021;1118
4022;995
4023;477
4023;645
4023;1098
4023;1102
4024;95
4024;469
4024;491
4024;511
4024;554
4024;577
4024;970
4024;1025
4024;1043
4024;1053
4024;1292
4024;5166
4025;49
4025;104
4025;214
4025;224
4025;245
4025;392
4025;1120
4025;1160
4026;145
4026;220
4026;459
4027;586
4028;522
4028;582
4028;612
4028;659
4028;694
4028;852
4028;932
4029;1288
4030;66
4031;617
4032;933
4033;347
4034;155
4034;1061
4035;460
4035;910
4035;1005
4036;151
4036;306
4036;583
4036;859
4036;1138
4036;1407
4036;2342
4036;3355
4036;3758
4036;3900
4036;3918
4036;3933
4036;3943
4036;4119
4036;4399
4036;5490
4036;5492
4037;4364
4037;4506
4038;2007
4038;2806
4039;1568
4039;1726
4039;1814
4039;1830
4039;2460
4039;2885
4039;3358
4039;3365
4039;3438
4039;3443
4039;3918
4040;1647
4040;3416
4040;3479
4040;3496
4041;5480
4042;1375
4043;5601
4044;1636
4045;822
4045;2322
4046;1669
4046;4847
4047;3193
4048;4839
4049;2706
4050;4809
4051;3376
4052;1179
4053;3845
4054;591
4055;191
4055;945
4056;27
4056;2457
4056;2468
4056;3694
4057;3009
4057;4823
4058;4503
4059;2321
4060;2380
4061;4315
4062;1687
4062;2369
4063;2380
4064;4290
4065;1625
4066;2601
4067;218
4068;1669
4068;1815
4069;2774
4070;4166
4070;4208
4070;4225
4070;4316
4070;4878
4071;3629
4072;1622
4072;3065
4072;4304
4072;4659
4073;1081
4074;1669
4075;5161
4076;1275
4077;3550
4078;3574
4079;99
4080;3100
4081;1356
4082;373
4082;383
4083;1582
4083;2005
4083;3655
4083;3757
4083;4589
4083;5221
4084;544
4084;657
4084;1331
4084;1337
4085;998
4086;1116
4087;1889
4087;3114
4087;3759
4087;4536
4087;4744
4087;5344
4088;125
4089;406
4089;5503
4090;930
4091;557
4092;160
4092;1592
4092;3977
4092;5086
4092;5556
4093;4427
4094;12
4094;4274
4094;4759
4094;4919
4095;76
4095;4137
4095;4468
4095;4676
4096;139
4096;198
4097;2827
4097;3132
4097;3394
4098;1864
4098;2899
4098;3957
4099;594
4100;1562
4101;1509
4101;2466
4101;3696
4101;4310
4102;3033
4102;3264
4102;4288
4103;3478
4104;274
4104;5218
4105;440
4106;464
4107;5246
4107;5537
4108;696
4109;242
4110;4499
4110;4956
4111;557
4112;2125
4112;2211
4112;3204
4112;4362
4113;543
4114;1696
4114;2449
4114;2657
4114;2663
4114;3025
4114;4805
4115;151
4115;2382
4115;2639
4116;3112
4116;4315
4116;4744
4117;148
4117;496
4117;1397
4117;2658
4117;2847
4117;3921
4117;3978
4117;5583
4117;5597
4118;1130
4118;2932
4119;768
4120;1973
4121;4
4122;151
4122;2382
4122;4492
4123;632
4123;903
4123;910
4123;1080
4123;1337
4123;2031
4123;2082
4123;2187
4123;2460
4123;2769
4123;2812
4123;3012
4123;3836
4123;3886
4123;4543
4123;4643
4123;4774
4123;5107
4123;5380
4123;5596
4124;4059
4125;1049
4125;4202
4126;125
4126;160
4127;3395
4128;3027
4129;63
4130;3288
4131;1063
4131;3497
4132;4619
4133;1625
4134;5337
4135;1841
4136;10
4136;14
4136;24
4136;592
4136;1952
4136;2068
4136;4325
4136;4397
4136;4398
4136;4452
4136;4580
4136;4725
4136;5313
4137;5201
4138;1568
4138;2593
4138;2834
4138;2915
4138;2982
4138;3577
4138;3718
4138;4010
4138;5439
4138;5587
4139;2289
4140;203
4140;2706
4140;3809
4141;1331
4141;1337
4142;977
4142;2355
4142;2728
4142;2749
4142;2895
4142;3853
4142;4891
4143;713
4144;111
4144;191
4144;440
4144;1129
4144;2027
4144;2045
4144;2099
4144;2113
4144;2121
4144;2233
4144;2466
4144;2676
4144;2683
4144;3037
4144;3914
4144;4085
4144;4119
4144;4128
4144;4158
4144;4248
4144;4630
4144;4642
4144;4646
4144;4822
4144;5323
4144;5381
4144;5537
4145;668
4146;596
4146;5361
4146;5439
4147;373
4147;383
4147;813
4147;1456
4147;2505
4147;3173
4148;1695
4148;3195
4149;5601
4150;50
4150;155
4150;440
4150;826
4150;1005
4150;1153
4150;1156
4150;1326
4150;1391
4150;1427
4150;2191
4150;2270
4150;2445
4150;2542
4150;3194
4150;3264
4150;3277
4150;3914
4150;4033
4150;4099
4150;4103
4150;4334
4150;4491
4150;4502
4150;4563
4150;5031
4150;5278
4150;5344
4150;5434
4150;5465
4150;5537
4151;1265
4152;2916
4152;4616
4153;4776
4154;1605
4154;1623
4154;2177
4154;2191
4154;2270
4154;2466
4154;2963
4154;5070
4155;923
4156;700
4157;4031
4158;2646
4158;3664
4159;1065
4160;45
4160;2173
4161;3528
4162;2567
4162;4975
4163;2384
4163;4574
4164;1282
4165;51
4165;596
4166;359
4166;763
4166;1527
4166;2027
4166;2105
4166;2128
4166;2354
4166;2461
4166;3094
4166;3391
4166;3402
4166;4220
4166;4292
4166;4642
4166;5017
4166;5222
4166;5439
4167;527
4168;687
4168;4843
4169;114
4169;218
4169;1134
4169;1295
4169;1298
4169;2742
4170;1651
4170;2359
4170;2455
4170;4709
4170;5298
4171;1379
4171;1385
4171;1392
4172;5127
4172;5538
4173;1705
4174;468
4175;2210
4176;5266
4176;5569
4177;1665
4177;2640
4178;3468
4178;3569
4178;4568
4179;1404
4180;1582
4180;1780
4180;1973
4180;2083
4180;4649
4180;4822
4181;803
4181;811
4181;2449
4181;3048
4181;3354
4181;4635
4181;5308
4181;5352
4181;5476
4182;151
4182;219
4182;535
4182;2194
4182;2312
4182;4096
4183;2856
4184;5362
4185;3586
4186;1440
4186;1900
4186;1908
4186;2451
4186;3537
4186;5551
4187;484
4188;671
4188;681
4188;712
4188;734
4188;1069
4188;1086
4188;3427
4188;3449
4188;3453
4188;3456
4188;3486
4188;4627
4188;4668
4189;2540
4189;3036
4189;4531
4189;4590
4190;197
4190;1230
4191;47
4192;907
4193;2759
4193;3177
4194;327
4195;3213
4196;965
4197;5560
4198;605
4198;789
4199;99
4199;3851
4200;549
4201;155
4202;117
4202;1087
4202;1386
4202;2302
4202;2717
4202;2762
4202;2855
4202;3246
4202;3352
4202;3860
4202;4271
4202;4823
4202;5305
4203;5301
4203;5342
4204;792
4205;1787
4206;2022
4207;2983
4208;724
4208;1159
4208;1814
4208;3155
4208;3941
4208;4103
4208;4311
4208;4925
4208;5068
4208;5514
4208;5537
4209;3942
4210;1324
4211;4886
4212;1057
4213;3273
4214;2597
4215;4432
4215;4433
4215;5048
4216;3104
4217;862
4217;3955
4218;1486
4219;3174
4219;5064
4220;2817
4221;155
4221;5429
4222;2596
4222;4001
4223;1727
4223;4287
4223;4688
4224;834
4224;1164
4224;2166
4224;3151
4225;604
4225;1159
4225;2238
4225;3489
4225;4131
4225;5081
4226;12
4226;592
4226;825
4226;861
4226;1343
4226;1734
4226;2027
4226;2362
4226;2460
4226;3614
4226;5587
4227;1767
4227;2586
4228;340
4228;719
4228;2222
4228;3400
4228;3837
4228;4639
4229;1804
4229;2873
4229;5319
4229;5332
4230;2706
4231;151
4231;1130
4231;1407
4231;2445
4231;3696
4231;3894
4231;3918
4231;4541
4232;788
4232;1347
4233;8
4233;166
4233;1002
4233;1153
4234;1544
4234;1552
4234;1671
4234;1693
4234;1737
4234;2206
4234;2540
4234;3039
4234;3225
4234;3326
4234;3914
4234;3972
4234;4083
4234;4214
4234;4706
4234;4822
4234;5537
4235;1430
4236;2367
4237;4592
4238;3576
4238;3777
4239;1811
4240;4541
4241;151
4242;1177
4242;1183
4242;1327
4243;140
4244;1386
4245;2810
4246;3953
4246;3968
4247;2182
4248;2697
4248;2856
4249;5210
4250;3229
4251;865
4252;3023
4252;4698
4253;1130
4254;5579
4255;2291
4256;5601
4257;1840
4257;1918
4257;3786
4257;3789
4257;3794
4257;3801
4258;2776
4258;2869
4259;2538
4259;2789
4260;859
4261;28
4261;322
4261;2136
4262;2186
4262;3902
4263;1230
4264;4918
4265;4202
4265;5407
4266;831
4267;1398
4267;1661
4268;4471
4268;4738
4269;2706
4270;1831
4270;3401
4271;107
4272;2154
4273;2034
4273;3040
4274;166
4274;1814
4274;1868
4274;3225
4274;4214
4274;4320
4274;4720
4274;5295
4275;4887
4276;1785
4276;3918
4277;3788
4278;910
4278;933
4278;1160
4279;111
4280;813
4281;4158
4281;5601
4282;834
4282;2449
4282;4727
4283;1037
4283;2536
4283;2589
4284;2152
4284;4091
4285;116
4285;358
4286;3303
4287;2011
4287;2212
4287;4519
4287;4538
4288;2271
4289;5572
4290;994
4290;1557
4290;2766
4290;4322
4290;4337
4290;4623
4290;4691
4290;4959
4291;848
4291;1224
4291;1742
4291;3243
4291;5502
4292;1598
4293;3886
4293;3962
4293;4028
4293;4119
4294;1946
4295;3499
4296;3855
4296;3928
4297;1607
4298;580
4298;2392
4298;2394
4298;3603
4299;1574
4299;4709
4300;3691
4301;1173
4302;5591
4303;2547
4303;2604
4304;1831
4305;1037
4306;987
4307;2015
4308;4404
4308;5467
4309;4247
4310;3475
4310;4217
4310;4298
4311;1806
4312;4692
4313;3398
4314;2634
4315;2967
4316;5040
4317;1422
4317;5389
4318;4859
4319;3187
4319;4206
4320;5089
4321;530
4321;1034
4321;2734
4321;4262
4321;4266
4322;3830
4323;882
4324;2014
4324;4575
4325;2667
4325;4643
4326;322
4327;1051
4327;1655
4327;4606
4328;203
4328;843
4328;2433
4328;2449
4328;2706
4328;4543
4328;4774
4329;1061
4329;1690
4329;1739
4329;1864
4329;2310
4329;2456
4329;2630
4329;2982
4329;3577
4329;3768
4329;4923
4330;1031
4331;306
4331;1130
4331;1138
4331;1244
4331;1946
4331;3844
4331;4883
4332;225
4332;234
4332;917
4332;1570
4332;1587
4332;2988
4332;4808
4333;592
4333;2215
4334;3287
4334;4989
4335;2874
4336;3462
4337;2004
4337;3490
4338;464
4338;968
4338;1015
4338;1103
4338;1766
4338;1769
4338;4738
4338;5354
4339;598
4339;1380
4339;1427
4339;1777
4339;1797
4339;1956
4339;2037
4339;2837
4339;2993
4339;3772
4339;4181
4339;4630
4339;5087
4339;5091
4339;5104
4339;5465
4339;5591
4340;272
4341;5404
4341;5414
4342;1324
4342;2252
4342;2508
4342;2592
4342;2627
4342;3657
4343;738
4344;331
4344;2441
4345;251
4345;1061
4345;1241
4346;1235
4346;1741
4346;1921
4346;2048
4346;3731
4346;5375
4347;155
4347;2433
4347;2456
4347;3695
4347;4126
4347;4138
4348;5439
4349;384
4350;1404
4350;3050
4350;4117
4350;4119
4350;4120
4350;4144
4350;4706
4351;78
4351;1404
4352;406
4352;5439
4352;5461
4353;1013
4354;473
4354;480
4355;964
4355;974
4356;8
4356;482
4356;562
4356;816
4357;2978
4357;5518
4358;131
4358;528
4359;3277
4359;3961
4359;5138
4359;5518
4360;625
4361;809
4361;1160
4362;2176
4362;2898
4362;2909
4362;3695
4362;4751
4363;1055
4364;155
4364;314
4364;1156
4365;1254
4366;1007
4367;408
4367;786
4367;809
4367;1546
4367;1901
4367;2201
4367;2975
4367;3216
4367;3345
4367;3352
4367;4206
4367;4858
4367;4874
4367;4928
4367;4929
4368;5502
4369;1625
4369;2488
4369;4216
4370;326
4370;1061
4370;1157
4370;1949
4370;2083
4370;2248
4370;2357
4370;2359
4370;2460
4370;2706
4370;2708
4370;2787
4370;3206
4370;3837
4370;4103
4370;4334
4370;4379
4370;4485
4370;4543
4370;4808
4370;4814
4370;4919
4370;5064
4370;5188
4370;5465
4371;203
4371;816
4371;947
4372;1061
4372;2249
4372;3271
4372;3422
4373;1041
4374;464
4375;4273
4375;5449
4376;3277
4377;196
4378;351
4378;556
4378;622
4378;1015
4378;1438
4378;1560
4378;1690
4378;1748
4378;2116
4378;3466
4378;3530
4378;3695
4378;3885
4378;4245
4378;4757
4378;5367
4379;155
4379;1015
4379;3530
4380;4249
4381;67
4382;1089
4383;5439
4384;240
4384;340
4384;605
4384;1031
4384;1120
4384;1331
4384;1337
4384;1369
4384;1574
4384;1653
4384;2252
4384;2460
4384;2706
4384;2708
4384;2929
4384;3012
4384;3400
4384;3406
4384;3918
4384;4126
4384;4636
4384;4811
4384;4814
4384;4921
4384;5247
4384;5380
4384;5596
4385;2403
4385;3695
4385;5363
4386;1384
4387;450
4387;460
4387;599
4387;809
4387;1188
4387;1653
4387;1758
4387;2133
4387;2537
4387;2909
4387;3438
4388;1324
4389;1682
4389;1684
4389;1685
4389;1689
4389;1794
4389;2317
4389;3086
4389;4183
4390;3913
4390;3926
4390;4228
4390;4240
4391;2116
4392;1512
4393;1524
4393;1541
4393;1546
4393;1901
4393;1977
4393;1982
4393;1994
4393;2787
4393;3030
4393;3052
4393;3347
4393;3494
4393;4279
4393;4443
4393;4872
4394;3039
4395;1061
4395;1434
4395;2130
4395;4744
4396;1793
4397;1564
4397;1571
4397;1577
4397;4595
4398;2138
4398;2841
4398;4143
4398;4410
4398;5144
4398;5244
4399;1721
4399;2282
4399;3269
4399;5299
4400;1771
4400;2043
4400;3187
4400;3837
4400;4367
4400;4612
4401;1061
4401;4789
4401;5302
4402;4774
4403;3247
4403;3920
4404;429
4405;509
4406;1095
4407;736
4408;1408
4409;3433
4410;3275
4410;5328
4411;2269
4412;1270
4413;1936
4414;1693
4414;3842
4414;3848
4415;4973
4416;3517
4416;3897
4417;831
4417;1156
4417;2188
4418;4563
4418;5566
4419;460
4419;960
4419;1188
4420;33
4420;1015
4421;1404
4421;1544
4421;3491
4421;4505
4422;251
4423;1031
4424;3322
4424;3768
4424;5382
4425;346
4426;1197
4426;1690
4426;2881
4426;4036
4426;4037
4427;875
4428;1015
4428;1690
4428;2537
4428;2979
4428;3166
4428;4640
4428;5439
4429;316
4430;155
4430;2163
4430;2168
4430;3253
4431;593
4432;2775
4433;1076
4434;460
4434;599
4434;1560
4434;1690
4434;1901
4434;2766
4434;4691
4434;4751
4434;4757
4434;4990
4435;1061
4436;1331
4436;2605
4436;3406
4436;5064
4437;2252
4438;562
4438;2070
4439;1356
4439;1768
4439;2298
4439;2344
4439;3186
4439;4693
4440;460
4440;2181
4441;340
4441;719
4441;1198
4441;2124
4441;2252
4442;155
4442;668
4442;2471
4443;3182
4443;3188
4443;3234
4443;3276
4443;3293
4443;3428
4443;4059
4444;3290
4445;2252
4446;3131
4446;3906
4447;3276
4448;1063
4448;1456
4449;1055
4449;2893
4449;3497
4449;4199
4450;1061
4450;2252
4450;2929
4451;1235
4451;3243
4451;4120
4451;4128
4451;4144
4452;1063
4452;1433
4452;2071
4452;2568
4453;450
4453;2093
4453;2101
4453;2114
4453;2118
4453;2205
4453;2909
4453;3345
4453;5078
4454;450
4454;1156
4454;2152
4454;2198
4454;3680
4455;1342
4456;1356
4456;1765
4456;2025
4456;2483
4456;2549
4456;3891
4456;4292
4456;4480
4456;5089
4457;668
4457;2775
4458;669
4458;977
4458;1331
4458;1337
4458;1653
4458;1703
4458;2342
4458;2605
4458;3406
4458;3492
4459;1058
4459;1331
4459;1337
4459;1461
4459;1602
4459;1608
4459;2043
4459;2082
4459;2248
4459;2608
4459;2908
4459;2929
4459;3725
4459;4109
4459;4741
4459;4744
4459;5238
4459;5380
4459;5596
4460;50
4460;1331
4460;1434
4460;1871
4460;2890
4461;1647
4462;669
4463;406
4463;1432
4463;3085
4463;4785
4464;306
4464;5064
4465;472
4466;3111
4466;3864
4467;1331
4467;1337
4467;2542
4467;2706
4467;3101
4467;4367
4467;4620
4468;1702
4469;450
4469;1721
4469;1989
4470;1755
4470;4768
4470;4774
4471;847
4471;855
4471;3616
4472;831
4472;4626
4473;3279
4474;3100
4475;1778
4475;1837
4475;2555
4475;3369
4475;3465
4475;3538
4475;3539
4475;4242
4475;5063
4476;1947
4476;2067
4476;3987
4477;2825
4477;4124
4478;3938
4478;5232
4479;3067
4479;5073
4479;5186
4480;2066
4481;2612
4482;2825
4483;209
4484;2609
4484;4104
4484;4306
4484;4440
4485;4418
4486;3868
4486;5531
4487;3863
4488;2613
4489;4016
4490;2480
4490;2493
4490;4854
4491;3055
4492;2061
4493;5029
4494;3239
4495;5066
4495;5195
4496;2094
4497;980
4497;1235
4498;3985
4498;3988
4498;3999
4498;4014
4498;4089
4499;80
4500;3600
4501;1811
4502;241
4503;4213
4503;4257
4503;4878
4504;356
4505;276
4506;5572
4507;804
4508;2872
4509;4209
4510;1057
4511;143
4512;2704
4512;3142
4513;151
4513;568
4513;1899
4514;1490
4515;1946
4516;3950
4517;1362
4518;1691
4519;4831
4519;4837
4519;4846
4520;4001
4521;834
4522;226
4523;4110
4524;461
4525;1266
4526;713
4527;2281
4527;3267
4528;3335
4529;12
4529;1169
4530;1040
4530;3134
4531;1375
4532;5249
4533;3198
4534;3296
4535;865
4535;2302
4536;281
4537;26
4537;3099
4537;4797
4537;4798
4537;4833
4537;5222
4538;251
4539;3410
4540;1103
4541;5210
4542;827
4543;1938
4543;1962
4543;4706
4544;1555
4545;2706
4545;4859
4546;461
4547;535
4548;1562
4549;241
4550;3782
4551;2337
4552;3043
4553;363
4553;2597
4553;3766
4554;4278
4555;4415
4556;1015
4557;264
4558;2783
4559;843
4559;917
4559;2265
4559;2706
4559;3156
4560;347
4560;638
4560;1152
4560;2626
4561;1572
4561;2470
4562;60
4562;5060
4563;566
4564;1690
4565;700
4566;5440
4567;2665
4568;2348
4569;1495
4570;784
4571;5601
4572;2021
4572;2026
4573;1547
4573;4708
4574;557
4575;1053
4577;155
4578;1103
4578;4187
4579;1585
4580;605
4581;601
4582;3677
4583;1118
4584;580
4584;2724
4584;4562
4585;281
4586;60
4586;1766
4586;1769
4586;2476
4586;2806
4586;3120
4587;3709
4588;229
4588;546
4589;4713
4590;1149
4590;1184
4591;3901
4592;104
4593;3434
4593;4602
4593;4687
4593;4697
4594;1946
4595;1266
4596;5120
4597;2434
4598;5124
4599;951
4600;4774
4600;5380
4601;4054
4602;905
4603;56
4604;1051
4605;1023
4606;3527
4607;12
4607;592
4608;455
4608;475
4609;98
4610;2750
4610;3473
4611;2877
4611;3132
4612;834
4613;5
4614;1407
4615;5601
4616;4143
4617;858
4617;883
4618;5143
4619;939
4620;1548
4621;1715
4622;2693
4623;303
4623;347
4623;399
4623;605
4623;900
4623;2620
4623;2628
4624;3829
4625;3125
4626;1279
4627;2642
4628;3003
4628;3014
4628;3018
4629;2491
4630;822
4631;1675
4632;1152
4633;2327
4633;2392
4634;726
4635;1109
4635;2519
4635;3264
4636;4954
4637;4422
4638;2724
4639;3170
4640;117
4641;733
4641;1034
4642;1123
4643;461
4644;99
4645;155
4645;1087
4645;4823
4646;77
4646;1706
4646;1944
4646;5126
4647;1064
4648;197
4649;3284
4650;1152
4651;99
4651;1792
4651;2263
4651;2395
4652;3708
4653;2975
4654;1839
4654;1845
4655;2301
4655;3305
4656;2849
4657;2456
4657;4270
4658;968
4659;1353
4660;4900
4661;4114
4662;297
4663;2097
4664;3674
4665;2421
4666;2773
4667;3264
4668;1156
4669;2265
4670;47
4670;4039
4671;154
4672;1065
4673;2261
4673;2998
4674;1969
4675;3142
4676;1390
4676;4038
4677;148
4677;654
4678;258
4678;399
4679;148
4680;1547
4680;2226
4680;2706
4680;2897
4680;4541
4680;4770
4680;5380
4681;2489
4681;4739
4682;4070
4682;4461
4683;3798
4684;340
4684;668
4684;1337
4684;1345
4684;1683
4684;2424
4684;2729
4684;3886
4684;4752
4684;4947
4684;5107
4684;5382
4684;5596
4685;1058
4686;155
4687;3392
4688;1386
4688;2226
4688;2706
4689;151
4689;274
4689;580
4689;2389
4689;2972
4689;3128
4689;3129
4689;4541
4690;428
4691;583
4691;1520
4692;562
4692;2832
4692;3461
4692;4048
4692;5154
4693;2861
4694;326
4695;528
4696;1991
4696;5568
4697;7
4698;4645
4699;850
4699;858
4699;883
4699;3850
4700;1353
4700;5465
4701;2226
4702;558
4703;2279
4704;2239
4704;2802
4705;5601
4706;1266
4706;1483
4706;2080
4707;2667
4707;4999
4708;984
4709;155
4709;1690
4709;2456
4710;713
4711;326
4712;3783
4712;4217
4713;834
4713;1654
4713;1868
4714;131
4715;963
4716;896
4717;2324
4718;5284
4719;322
4719;2136
4720;151
4720;2244
4720;4399
4720;4499
4721;443
4722;1219
4722;1223
4723;2920
4723;5601
4724;850
4725;1472
4725;1473
4725;5330
4726;1541
4726;4677
4727;910
4728;3202
4729;1443
4729;1555
4729;1809
4729;3689
4730;454
4730;1010
4731;2866
4732;1530
4733;953
4734;1152
4735;2244
4735;2724
4736;1034
4736;4258
4737;634
4738;489
4738;3875
4739;454
4740;1957
4740;1959
4740;2552
4741;366
4742;1156
4742;3918
4743;5564
4744;550
4745;1552
4745;2001
4745;2361
4745;4720
4746;1851
4746;1857
4746;1862
4746;2090
4747;232
4748;592
4748;2258
4748;4175
4749;267
4750;1668
4751;1378
4752;5601
4753;1430
4754;4363
4755;5210
4756;1321
4757;2442
4758;1125
4758;1848
4758;1860
4758;1864
4758;1866
4759;605
4760;2136
4761;3587
4762;4798
4762;4833
4763;3958
4764;197
4765;399
4765;2145
4765;4093
4765;4162
4766;322
4766;882
4767;1661
4767;1864
4768;3175
4769;3423
4770;668
4770;3657
4770;3725
4771;4347
4772;322
4772;399
4772;1719
4772;2136
4773;359
4774;3144
4774;4799
4774;4833
4774;4981
4774;5222
4775;1653
4776;1302
4777;1152
4778;226
4778;230
4778;3517
4779;781
4780;3190
4781;3132
4782;849
4783;5312
4784;4496
4785;2965
4786;50
4786;1722
4786;2410
4786;2792
4786;3208
4787;3777
4788;3732
4788;3765
4789;1063
4790;1051
4791;5136
4792;1712
4793;719
4794;4372
4795;197
4796;1152
4797;3669
4798;737
4799;411
4799;737
4800;885
4801;2965
4802;3243
4802;4191
4803;151
4804;634
4804;2520
4804;2565
4804;2706
4806;987
4807;2265
4807;2964
4807;4188
4808;49
4808;50
4808;939
4808;1159
4808;2191
4808;2270
4808;2764
4809;939
4810;2844
4811;1384
4812;2337
4813;1159
4814;681
4814;710
4815;5271
4816;968
4817;1331
4817;1391
4817;2706
4818;82
4819;155
4820;465
4821;1896
4821;2018
4822;3480
4823;276
4824;4277
4825;461
4826;2240
4827;1625
4828;1068
4829;1810
4830;2226
4830;2265
4831;5254
4832;25
4833;117
4833;2704
4834;968
4835;1710
4835;3240
4835;5141
4836;2265
4837;322
4837;2136
4838;4407
4839;1759
4839;1808
4840;3209
4841;3847
4841;3858
4841;3864
4842;1266
4843;2218
4844;151
4844;305
4845;2750
4846;2704
4847;608
4847;612
4847;3953
4848;675
4849;155
4849;599
4849;669
4849;796
4849;1015
4849;1364
4849;1560
4849;1700
4849;1939
4849;3691
4849;4401
4849;4623
4850;2706
4851;158
4852;3423
4853;2726
4854;668
4855;260
4856;1716
4857;4801
4858;3511
4859;910
4860;4756
4861;5601
4862;3487
4863;1458
4863;1464
4863;1665
4863;3662
4864;3706
4865;3243
4866;3019
4867;614
4868;1854
4868;4618
4869;2237
4870;4154
4871;671
4872;566
4873;281
4874;14
4874;24
4875;10
4876;117
4877;1068
4877;4667
4878;1399
4878;3105
4879;1230
4880;2388
4880;4785
4881;1079
4882;1295
4883;155
4883;890
4883;1541
4884;2367
4884;5601
4885;4011
4886;3068
4887;951
4888;535
4889;1998
4890;692
4891;929
4892;1747
4893;2592
4893;2808
4894;1113
4894;2496
4895;5124
4896;454
4897;3829
4898;1698
4898;3773
4899;1230
4899;4114
4900;714
4901;1266
4902;1633
4902;2514
4903;566
4904;155
4904;2281
4905;151
4905;580
4905;1407
4905;2327
4905;2382
4905;2389
4905;2724
4905;3129
4906;1266
4907;1338
4908;910
4908;960
4909;2425
4909;3945
4909;5137
4910;1036
4911;1506
4911;4290
4911;4457
4911;4823
4912;3506
4913;2279
4913;4180
4914;5143
4915;4798
4916;1678
4917;347
4917;900
4918;1567
4918;1617
4918;1708
4919;3595
4920;1386
4921;5601
4922;994
4923;1599
4923;2340
4924;2829
4925;1300
4926;3900
4927;1057
4927;1430
4927;1856
4928;1704
4928;1946
4928;3266
4928;4310
4928;4541
4928;5517
4929;4557
4930;4283
4931;1664
4932;4999
4933;1927
4933;4645
4934;787
4934;1152
4934;1687
4934;2322
4935;428
4935;2344
4935;3557
4936;226
4936;2358
4937;2917
4937;4555
4937;5465
4938;1149
4939;489
4940;1279
4941;1973
4942;305
4943;454
4944;634
4945;1625
4946;1484
4947;5277
4948;537
4948;3255
4948;3257
4949;2706
4950;51
4951;359
4951;2296
4951;2299
4951;4374
4951;4591
4951;5017
4952;399
4953;27
4953;849
4953;857
4953;1152
4953;1553
4953;2071
4953;2372
4953;2733
4954;1128
4955;777
4956;461
4956;512
4956;594
4956;2163
4957;303
4957;900
4957;1456
4957;1906
4958;777
4959;4661
4960;384
4961;2803
4962;4849
4962;4916
4963;322
4963;646
4963;649
4964;4057
4965;123
4966;3142
4967;796
4968;3118
4969;1858
4969;1865
4969;3570
4970;4259
4971;2797
4972;3050
4973;634
4974;890
4974;4823
4975;4900
4976;1407
4976;3410
4977;2835
4978;634
4979;5110
4980;659
4980;3953
4981;537
4982;5511
4983;1010
4984;251
4985;117
4986;1690
4986;1747
4987;4061
4988;5136
4989;155
4990;352
4991;1870
4991;3383
4992;1621
4992;2136
4993;4856
4994;4521
4995;1266
4996;1266
4997;1156
4998;1398
4999;5300
4999;5519
5000;3158
5001;4082
5002;1036
5003;2724
5004;5377
5005;4475
5006;4865
5007;1919
5008;3498
5009;2832
5009;4049
5010;1280
5011;668
5012;704
5013;3221
5014;281
5015;4099
5016;5521
5017;4343
5018;2289
5019;997
5020;1430
5021;1118
5022;1397
5023;276
5024;1063
5025;1241
5026;2430
5027;3395
5027;5353
5028;2943
5029;409
5029;5601
5030;268
5031;4772
5032;1279
5032;1288
5033;586
5033;1535
5033;1606
5033;1889
5033;2266
5034;851
5035;347
5035;5011
5036;980
5037;1235
5038;4309
5039;671
5039;710
5039;759
5039;1025
5040;2659
5041;1384
5042;2092
5043;4055
5044;306
5044;3844
5045;595
5045;1090
5046;1988
5047;269
5047;1714
5047;3962
5047;4623
5048;1266
5049;5525
5050;4584
5051;5251
5052;241
5052;3918
5053;1313
5054;1763
5055;672
5056;2286
5056;2330
5057;3953
5058;1430
5059;2335
5060;3013
5061;5
5062;3058
5063;148
5063;934
5064;2573
5065;82
5066;151
5066;580
5067;50
5068;5192
5068;5491
5069;1653
5070;4502
5071;1919
5072;3829
5073;1002
5074;2706
5075;5143
5076;844
5076;1498
5077;783
5078;399
5079;2437
5079;3252
5080;713
5081;1104
5082;1986
5082;2977
5083;708
5084;917
5085;3330
5086;691
5087;264
5087;951
5087;1051
5088;4613
5089;4749
5090;3488
5091;1037
5092;498
5093;917
5094;1057
5094;1530
5095;2706
5096;4316
5097;3418
5098;1422
5099;784
5099;4953
5100;1081
5101;224
5102;1321
5102;3441
5103;1690
5103;4367
5104;5601
5105;1200
5105;2071
5106;2368
5106;2426
5107;2729
5108;2920
5108;5601
5109;229
5110;639
5110;3142
5110;3143
5110;3312
5111;2243
5111;2595
5111;5222
5112;653
5112;720
5112;4627
5113;4338
5114;3970
5115;634
5116;2920
5116;5601
5117;548
5118;4154
5119;197
5120;3647
5121;82
5122;1064
5123;3016
5124;4326
5125;3477
5125;4521
5126;580
5126;3703
5127;4190
5128;625
5129;308
5129;2932
5129;3026
5130;1975
5131;322
5132;537
5133;424
5134;1114
5135;226
5135;3221
5136;151
5136;625
5136;1946
5136;2244
5136;2382
5136;2724
5136;4562
5137;3470
5138;372
5139;3867
5140;1103
5140;1344
5140;2698
5140;5329
5141;3082
5142;5
5143;4977
5144;430
5145;1430
5146;2766
5146;4858
5147;2569
5147;4480
5148;2289
5149;1943
5149;1950
5150;844
5151;3121
5152;5403
5153;4088
5154;2986
5155;550
5156;1804
5157;5549
5158;151
5158;188
5158;219
5158;1883
5158;2392
5158;3969
5158;4134
5159;5549
5160;4521
5161;1230
5162;870
5162;909
5163;1081
5163;1893
5164;1057
5165;714
5165;2502
5166;155
5166;261
5166;1061
5167;461
5168;428
5168;1991
5168;2733
5168;3169
5169;1264
5170;3203
5170;3217
5171;1064
5172;621
5173;1015
5174;489
5175;3574
5176;4359
5176;4558
5177;3206
5178;2860
5179;592
5179;1389
5179;1901
5179;2319
5179;2594
5179;3122
5179;3172
5179;4346
5179;5036
5179;5397
5180;2831
5180;2989
5181;2665
5182;226
5182;2277
5182;3069
5183;2879
5184;3149
5185;2484
5186;390
5187;939
5188;694
5188;3108
5188;4007
5188;4559
5189;5533
5189;5546
5190;836
5191;406
5192;3766
5193;537
5194;594
5195;4720
5196;1109
5197;1644
5198;1103
5199;2733
5200;621
5201;306
5201;1407
5201;1946
5202;1200
5203;1331
5203;1391
5203;1608
5203;2706
5203;4495
5204;2629
5205;1304
5205;2671
5206;997
5207;1108
5207;1715
5207;1879
5207;2594
5208;583
5208;1520
5209;2987
5210;1828
5210;1832
5211;1334
5212;882
5213;2943
5214;158
5214;737
5215;3745
5216;5092
5217;2087
5217;4247
5217;4297
5218;2276
5218;2284
5218;2287
5218;2539
5219;1525
5220;4985
5221;7
5221;281
5221;1084
5221;5467
5221;5601
5222;727
5223;1681
5223;3875
5224;895
5225;155
5226;3094
5227;1466
5228;829
5229;1214
5230;151
5230;580
5230;2398
5231;1051
5232;5519
5233;5014
5234;1451
5235;406
5236;4186
5236;4189
5237;917
5237;3172
5238;1301
5238;3244
5239;997
5239;1654
5240;1003
5241;281
5242;5135
5243;3094
5244;3061
5245;1501
5245;4206
5246;1405
5247;1246
5248;409
5248;4283
5249;5233
5250;1057
5251;5
5252;1665
5252;3769
5252;4823
5253;4962
5253;4968
5254;2344
5255;892
5256;548
5257;226
5257;230
5258;2516
5259;428
5260;3013
5261;1449
5262;3097
5263;3605
5263;4876
5264;2330
5265;1559
5266;3335
5267;1057
5267;2943
5268;1554
5269;18
5270;424
5271;467
5272;953
5273;4092
5274;158
5275;322
5275;399
5275;2136
5276;151
5276;1785
5277;2396
5277;3608
5278;4525
5279;2765
5280;3386
5281;454
5282;724
5283;3423
5284;526
5285;5558
5285;5566
5286;535
5287;1235
5288;528
5289;970
5290;4843
5291;2485
5292;2625
5292;4830
5293;4848
5294;675
5295;779
5296;2196
5296;2386
5296;3249
5297;1971
5298;3053
5298;3961
5299;4039
5300;3677
5301;1173
5301;3431
5302;1173
5303;322
5304;4937
5305;1946
5306;1244
5307;2178
5308;1728
5309;3442
5310;2799
5311;3292
5312;155
5312;1427
5312;2191
5312;2270
5313;2856
5314;4846
5315;2706
5316;4972
5317;2308
5318;454
5319;669
5319;983
5319;1290
5319;1301
5319;1919
5319;4237
5319;5502
5320;1310
5321;464
5321;1103
5321;1843
5321;2601
5321;2602
5322;1789
5322;1946
5323;592
5323;1546
5324;1159
5325;12
5325;390
5325;732
5325;933
5325;2330
5326;614
5326;1156
5326;4560
5327;1569
5327;2522
5327;2564
5328;1690
5329;1380
5330;4816
5331;1398
5332;1398
5332;2390
5333;1356
5334;151
5334;2244
5335;1446
5336;1156
5336;2670
5337;158
5337;737
5337;1977
5337;4028
5338;151
5338;1407
5338;3410
5338;5465
5339;675
5340;675
5341;5181
5342;353
5342;2386
5343;1010
5344;3183
5345;4650
5346;2920
5347;3043
5348;1645
5348;3591
5349;70
5350;1545
5351;384
5352;713
5353;49
5353;50
5353;2034
5353;3205
5354;5380
5355;4685
5356;3901
5357;274
5357;443
5357;1490
5358;952
5359;5277
5359;5457
5360;1161
5360;4908
5361;1761
5361;2712
5361;4546
5361;4547
5361;5017
5362;12
5362;592
5362;1823
5362;2228
5362;3172
5363;4889
5364;1200
5365;2932
5366;4976
5367;119
5368;1319
5368;4898
5368;4906
5369;3108
5369;3226
5369;5521
5370;997
5371;1911
5372;550
5373;1319
5373;2848
5373;2880
5373;3615
5373;3898
5373;3917
5373;5396
5374;650
5375;1235
5376;1114
5377;4100
5378;203
5379;781
5379;2200
5380;4015
5381;1051
5381;1422
5382;811
5383;1398
5384;535
5385;987
5386;2706
5386;3975
5387;621
5388;114
5388;218
5388;2303
5388;4307
5389;3510
5390;4283
5391;372
5392;2577
5392;3156
5393;804
5394;4999
5395;550
5395;4798
5395;4833
5396;575
5397;114
5397;218
5397;1298
5398;444
5399;4345
5400;1926
5401;563
5402;1122
5403;151
5404;487
5405;106
5406;1297
5406;5415
5407;1105
5407;5185
5408;574
5409;563
5410;584
5411;96
5411;117
5411;340
5411;533
5411;764
5411;1061
5412;114
5413;1881
5414;4728
5415;1074
5416;1545
5416;2412
5417;1576
5418;803
5419;4796
5420;571
5421;292
5421;365
5422;316
5422;460
5422;1149
5422;1342
5423;151
5423;168
5423;306
5423;709
5424;1624
5425;1701
5426;1278
5427;190
5427;549
5427;1386
5428;5164
5429;1618
5429;1626
5430;5374
5431;342
5432;706
5433;1156
5434;4916
5435;371
5436;5329
5437;523
5438;5544
5439;508
5440;471
5441;82
5442;505
5443;839
5443;866
5443;884
5443;898
5443;913
5444;3147
5445;410
5446;1080
5447;999
5447;1005
5448;132
5449;140
5450;1032
5451;1390
5452;1079
5453;832
5454;1013
5455;68
5456;879
5457;4425
5458;5189
5459;5467
5460;2784
5461;2936
5462;647
5463;3764
5464;4503
5465;5167
5466;1530
5467;4628
5467;4857
5468;537
5469;4914
5470;5428
5471;3408
5472;2156
5473;2288
5473;3787
5473;5340
